episode_id,failure_mode,service,source,elapsed_s,timestamp,active_connections,cache_hit_rate,cache_miss_rate,circuit_breaker_state,cpu_saturation,cpu_utilization,db_connection_pool,db_connection_wait,db_p99,disk_read_latency,disk_write_latency,error_rate,gc_pause_p99,heap_mb,http_4xx_rate,http_5xx_rate,iops_utilization,memory_utilization,network_errors,p50_latency,p95_latency,p99_latency,queue_lag,retry_count_per_request,rps,thread_pool_queue,upstream_timeout_rate
live_ep_000007_NONE,NONE,inventory-service,python-simulator,0.0,1785923635.4663424,87,0.9767,0.0233,closed,0.3138,31.38,0.286,13.54,17.67,3.89,3.85,0.0071,2.0,516.7,0.0228,0.0016,0.238,0.2325,1,109.24,106.66,103.63,5,0.0127,173.32,7,0.0209
live_ep_000007_NONE,NONE,inventory-service,python-simulator,0.5,1785923635.9665973,47,0.99,0.01,closed,0.3018,30.18,0.1485,4.53,22.19,4.31,4.17,0.0098,4.55,549.4,0.0009,0.0056,0.291,0.3049,0,94.91,95.39,96.27,0,0.0329,232.02,6,0.0066
live_ep_000007_NONE,NONE,inventory-service,python-simulator,1.0,1785923636.4667187,96,0.9868,0.0132,closed,0.3661,36.61,0.4134,8.76,11.94,7.99,7.7,0.0062,3.86,536.8,0.0019,0.0052,0.2128,0.2429,3,90.04,98.62,103.54,17,0.0271,219.89,0,0.0001
live_ep_000007_NONE,NONE,inventory-service,python-simulator,1.5,1785923636.9671438,118,0.9886,0.0114,closed,0.3007,30.07,0.3397,0.84,19.87,9.11,10.95,0.0194,19.52,479.8,0.0071,0.005,0.1929,0.2533,3,85.24,110.94,142.19,15,0.0744,199.26,10,0.0026
live_ep_000007_NONE,NONE,inventory-service,python-simulator,2.0,1785923637.467841,119,0.893,0.107,closed,0.2711,27.11,0.4301,0.5,22.75,4.07,2.88,0.0057,2.19,517.2,0.0108,0.0069,0.3418,0.2615,3,84.45,87.67,90.88,14,0.006,210.8,7,0.019
live_ep_000007_NONE,NONE,inventory-service,python-simulator,2.5,1785923637.9680662,53,0.9761,0.0239,closed,0.3634,36.34,0.3565,8.99,25.76,3.04,6.38,0.0047,2.0,482.3,0.0058,0.0001,0.2539,0.2491,0,93.96,105.16,112.71,7,0.0115,204.78,3,0.0069
live_ep_000007_NONE,NONE,inventory-service,python-simulator,3.0,1785923638.4686592,84,0.9803,0.0197,closed,0.33,33.0,0.3744,0.61,25.29,6.61,21.38,0.0092,5.77,471.9,0.0084,0.0002,0.3111,0.2494,4,85.6,102.04,115.44,19,0.0024,187.32,5,0.0068
live_ep_000007_NONE,NONE,inventory-service,python-simulator,3.5,1785923638.9688985,73,0.9847,0.0153,closed,0.3962,39.62,0.377,2.2,13.29,5.12,5.23,0.0034,11.49,507.9,0.0005,0.0016,0.2749,0.2194,2,87.17,112.91,137.91,13,0.0147,198.71,6,0.0067
live_ep_000007_NONE,NONE,inventory-service,python-simulator,4.0,1785923639.4694428,77,0.88,0.12,closed,0.3064,30.64,0.4137,0.65,19.01,5.88,3.23,0.0157,2.37,498.9,0.0132,0.0021,0.2647,0.2541,2,94.03,114.42,118.39,17,0.0296,184.24,9,0.0077
live_ep_000007_NONE,NONE,inventory-service,python-simulator,4.5,1785923639.969809,48,0.88,0.12,closed,0.2617,26.17,0.2404,6.68,26.63,5.42,7.86,0.0057,34.5,524.5,0.0031,0.004,0.2753,0.3084,4,96.55,113.42,115.09,2,0.017,194.05,12,0.005
live_ep_000007_NONE,NONE,inventory-service,python-simulator,5.0,1785923640.470268,101,0.99,0.01,closed,0.3949,39.49,0.4594,1.95,21.13,2.76,7.01,0.0149,31.6,468.3,0.0015,0.0006,0.2208,0.2428,3,87.35,99.05,135.0,15,0.1,202.82,11,0.0031
live_ep_000007_NONE,NONE,inventory-service,python-simulator,5.5,1785923640.9705262,91,0.9111,0.0889,closed,0.3369,33.69,0.28,1.56,22.73,4.37,6.97,0.0082,2.0,482.7,0.0075,0.0012,0.3366,0.211,3,101.83,108.59,115.62,10,0.1,204.48,0,0.0015
live_ep_000007_NONE,NONE,inventory-service,python-simulator,6.0,1785923641.4709108,33,0.9834,0.0166,closed,0.3591,35.91,0.2152,11.04,14.41,5.91,3.64,0.0129,12.63,512.2,0.0009,0.0005,0.2466,0.2648,1,97.94,90.32,84.8,15,0.0567,222.52,12,0.0096
live_ep_000007_NONE,NONE,inventory-service,python-simulator,6.5,1785923641.971499,76,0.9318,0.0682,closed,0.2851,28.51,0.3552,2.54,28.33,6.03,8.51,0.035,8.23,492.5,0.0033,0.002,0.2856,0.2474,0,95.47,133.98,151.3,3,0.0215,184.12,14,0.0035
live_ep_000007_NONE,NONE,inventory-service,python-simulator,7.0,1785923642.471809,64,0.9578,0.0422,closed,0.4091,40.91,0.3306,8.49,9.88,2.7,5.49,0.0123,2.0,522.7,0.0061,0.0004,0.2252,0.3007,1,72.96,75.61,128.18,13,0.0296,228.34,9,0.0065
live_ep_000007_NONE,NONE,inventory-service,python-simulator,7.5,1785923642.9722686,96,0.9789,0.0211,closed,0.459,45.9,0.4698,0.82,58.86,2.74,8.6,0.0085,16.52,484.3,0.0001,0.0051,0.2751,0.1905,1,83.25,93.89,114.39,13,0.0278,185.56,8,0.0091
live_ep_000007_NONE,NONE,inventory-service,python-simulator,8.0,1785923643.4726636,113,0.9123,0.0877,closed,0.4347,43.47,0.3549,1.13,25.09,4.92,3.42,0.002,32.71,517.5,0.0032,0.0009,0.2635,0.2589,0,84.47,118.15,121.23,16,0.0018,185.14,14,0.0025
live_ep_000007_NONE,NONE,inventory-service,python-simulator,8.5,1785923643.974721,115,0.9616,0.0384,closed,0.4173,41.73,0.3879,3.84,15.99,4.24,4.91,0.0023,10.39,507.3,0.0061,0.0021,0.2751,0.2172,0,79.85,83.37,103.29,3,0.0101,221.36,6,0.0136
live_ep_000007_NONE,NONE,inventory-service,python-simulator,9.0,1785923644.4753537,28,0.9765,0.0235,closed,0.4355,43.55,0.3383,3.23,21.31,5.09,6.64,0.0137,2.0,508.2,0.0146,0.0013,0.2063,0.2001,3,76.9,84.78,126.93,3,0.0055,243.01,5,0.0254
live_ep_000007_NONE,NONE,inventory-service,python-simulator,9.5,1785923644.9759452,89,0.99,0.01,closed,0.3742,37.42,0.4289,13.05,23.13,4.62,4.91,0.0051,8.71,547.3,0.0005,0.0027,0.2928,0.2458,2,82.73,116.35,118.93,12,0.0124,212.72,3,0.0051
live_ep_000007_NONE,NONE,inventory-service,python-simulator,10.0,1785923645.476453,36,0.9095,0.0905,closed,0.3408,34.08,0.2847,6.61,19.97,3.39,11.18,0.0107,3.98,503.1,0.007,0.0003,0.3755,0.2266,1,102.21,113.38,147.23,2,0.0215,193.81,7,0.0006
live_ep_000007_NONE,NONE,inventory-service,python-simulator,10.5,1785923645.9771647,68,0.9511,0.0489,closed,0.3323,33.23,0.3906,0.55,16.45,6.15,10.68,0.0245,2.0,502.2,0.0038,0.0094,0.2132,0.2429,1,78.75,114.24,119.51,12,0.0119,211.35,2,0.0011
live_ep_000007_NONE,NONE,inventory-service,python-simulator,11.0,1785923646.477609,99,0.9574,0.0426,closed,0.3071,30.71,0.394,0.56,26.86,7.17,8.84,0.0048,2.0,500.0,0.0043,0.0011,0.1681,0.2602,1,102.58,108.76,111.72,3,0.0094,216.87,2,0.0023
live_ep_000007_NONE,NONE,inventory-service,python-simulator,11.5,1785923646.978005,117,0.9338,0.0662,closed,0.3419,34.19,0.3456,3.44,20.57,4.17,6.96,0.0131,30.11,513.9,0.0032,0.0026,0.2742,0.3151,2,69.01,101.72,116.6,15,0.0063,157.7,14,0.0125
live_ep_000007_NONE,NONE,inventory-service,python-simulator,12.0,1785923647.478653,29,0.88,0.12,closed,0.3777,37.77,0.3491,4.86,18.75,7.96,5.17,0.004,5.16,456.6,0.0116,0.0016,0.3231,0.1599,3,93.0,95.86,103.94,5,0.1,221.19,14,0.0009
live_ep_000007_NONE,NONE,inventory-service,python-simulator,12.5,1785923647.978843,43,0.88,0.12,closed,0.3599,35.99,0.5011,15.23,21.76,7.3,7.55,0.0155,9.99,505.3,0.0126,0.0038,0.3421,0.2357,2,91.0,96.39,105.27,5,0.0299,219.88,8,0.0043
live_ep_000007_NONE,NONE,inventory-service,python-simulator,13.0,1785923648.4793663,23,0.99,0.01,closed,0.3456,34.56,0.3635,0.5,16.82,4.0,10.37,0.0147,17.14,524.4,0.0052,0.0002,0.197,0.273,3,95.68,127.07,132.04,15,0.0006,222.8,9,0.0057
live_ep_000007_NONE,NONE,inventory-service,python-simulator,13.5,1785923648.9800155,63,0.9672,0.0328,closed,0.3625,36.25,0.4506,2.38,24.41,6.6,9.11,0.0045,2.0,533.6,0.0002,0.0044,0.3151,0.2172,3,95.36,107.66,130.6,10,0.0368,209.46,0,0.0067
live_ep_000007_NONE,NONE,inventory-service,python-simulator,14.0,1785923649.4800901,40,0.9861,0.0139,closed,0.3062,30.62,0.3944,3.38,22.23,4.63,3.05,0.0079,9.39,479.1,0.0041,0.0081,0.2149,0.2277,1,88.39,105.97,134.62,9,0.0179,175.12,9,0.0007
live_ep_000007_NONE,NONE,inventory-service,python-simulator,14.5,1785923649.9807081,91,0.8941,0.1059,closed,0.3157,31.57,0.3392,2.62,20.75,2.74,4.0,0.0044,7.89,559.6,0.0047,0.0032,0.2692,0.2641,3,93.07,120.28,137.8,16,0.0062,201.01,14,0.0054
live_ep_000007_NONE,NONE,inventory-service,python-simulator,15.0,1785923650.4811652,70,0.99,0.01,closed,0.3375,33.75,0.1652,4.2,25.01,3.15,4.86,0.0079,13.13,538.2,0.0019,0.0058,0.2261,0.3029,2,85.34,100.44,121.01,16,0.0085,198.89,4,0.0019
live_ep_000007_NONE,NONE,inventory-service,python-simulator,15.5,1785923650.981664,74,0.9607,0.0393,closed,0.2957,29.57,0.3575,3.21,16.66,5.06,4.99,0.0261,2.0,512.0,0.0032,0.0009,0.2606,0.2878,0,91.23,98.79,105.04,2,0.0487,220.39,13,0.0011
live_ep_000007_NONE,NONE,inventory-service,python-simulator,16.0,1785923651.4821243,66,0.9674,0.0326,closed,0.355,35.5,0.4012,2.03,23.79,3.65,6.78,0.0113,60.0,517.6,0.0067,0.0006,0.2663,0.2561,2,81.05,124.12,131.14,16,0.0025,189.37,4,0.0019
live_ep_000007_NONE,NONE,inventory-service,python-simulator,16.5,1785923651.9825926,34,0.9591,0.0409,closed,0.3735,37.35,0.3057,1.36,16.34,6.28,5.31,0.0201,2.8,510.9,0.001,0.0005,0.2419,0.252,1,103.35,133.98,134.97,11,0.005,211.25,0,0.0007
live_ep_000007_NONE,NONE,inventory-service,python-simulator,17.0,1785923652.482923,65,0.939,0.061,closed,0.3766,37.66,0.3659,3.14,35.69,4.25,7.6,0.0134,5.01,469.1,0.0056,0.0007,0.2636,0.2532,2,86.07,107.01,117.07,7,0.0001,190.05,14,0.0005
live_ep_000007_NONE,NONE,inventory-service,python-simulator,17.5,1785923652.9835794,58,0.88,0.12,closed,0.3352,33.52,0.1912,0.5,19.96,5.41,3.0,0.0187,10.76,536.9,0.0043,0.0001,0.1896,0.324,1,97.16,108.24,121.44,10,0.024,201.52,10,0.0032
live_ep_000007_NONE,NONE,inventory-service,python-simulator,18.0,1785923653.4839919,57,0.9191,0.0809,closed,0.321,32.1,0.2786,0.5,29.41,4.93,5.68,0.0013,30.5,503.8,0.002,0.0008,0.3529,0.2651,1,91.73,88.43,79.84,5,0.011,224.51,10,0.0125
live_ep_000007_NONE,NONE,inventory-service,python-simulator,18.5,1785923653.9843721,67,0.9465,0.0535,closed,0.2613,26.13,0.3965,3.18,22.52,4.35,5.38,0.0162,2.0,485.4,0.0052,0.0008,0.209,0.2228,2,86.21,112.42,118.55,11,0.0016,234.07,2,0.0023
live_ep_000007_NONE,NONE,inventory-service,python-simulator,19.0,1785923654.4850807,39,0.9748,0.0252,closed,0.3294,32.94,0.4511,4.92,13.02,3.91,7.18,0.001,22.04,506.5,0.0031,0.0,0.2371,0.204,0,84.3,100.56,109.39,2,0.0199,218.39,12,0.0004
live_ep_000007_NONE,NONE,inventory-service,python-simulator,19.5,1785923654.9858046,32,0.9855,0.0145,closed,0.2744,27.44,0.2811,0.5,16.25,5.99,5.13,0.0201,12.08,507.3,0.0016,0.0007,0.2538,0.2323,3,90.01,139.6,142.5,13,0.0034,199.97,13,0.0
live_ep_000007_NONE,NONE,inventory-service,python-simulator,20.0,1785923655.4861813,82,0.88,0.12,closed,0.3014,30.14,0.2337,3.16,17.83,3.74,4.79,0.0133,19.57,510.7,0.0018,0.0001,0.1552,0.264,3,88.71,90.95,100.45,4,0.0334,204.51,6,0.002
live_ep_000007_NONE,NONE,inventory-service,python-simulator,20.5,1785923655.986633,28,0.9027,0.0973,closed,0.3988,39.88,0.3433,4.38,22.3,6.96,8.71,0.0086,11.17,461.7,0.0036,0.0023,0.176,0.1796,3,85.9,88.52,90.77,15,0.0118,184.96,1,0.0022
live_ep_000007_NONE,NONE,inventory-service,python-simulator,21.0,1785923656.4877625,98,0.88,0.12,closed,0.3295,32.95,0.4042,4.37,20.69,2.26,4.84,0.0306,10.27,542.0,0.008,0.0016,0.162,0.2523,2,95.84,98.03,107.98,18,0.0233,206.85,13,0.0023
live_ep_000007_NONE,NONE,inventory-service,python-simulator,21.5,1785923656.9880714,78,0.88,0.12,closed,0.3389,33.89,0.3658,2.0,31.23,5.11,9.11,0.0088,6.66,483.2,0.0082,0.0005,0.3165,0.2303,4,95.41,95.88,157.95,19,0.0546,181.6,6,0.0015
live_ep_000007_NONE,NONE,inventory-service,python-simulator,22.0,1785923657.4885778,104,0.9836,0.0164,closed,0.365,36.5,0.3489,1.32,20.72,4.67,5.72,0.0075,7.94,497.1,0.0025,0.0018,0.3383,0.2085,2,105.16,107.11,114.37,14,0.002,203.69,4,0.0077
live_ep_000007_NONE,NONE,inventory-service,python-simulator,22.5,1785923658.001356,57,0.9852,0.0148,closed,0.2527,25.27,0.3751,2.2,21.8,6.61,4.55,0.0065,19.31,497.9,0.0017,0.0039,0.2642,0.2226,3,80.83,113.2,137.13,9,0.0066,177.47,5,0.0001
live_ep_000007_NONE,NONE,inventory-service,python-simulator,23.0,1785923658.5015059,69,0.9704,0.0296,closed,0.3888,38.88,0.3696,1.47,16.68,3.18,6.73,0.0098,20.97,535.8,0.0036,0.0018,0.223,0.2264,0,102.08,128.4,137.75,11,0.005,178.87,7,0.0009
live_ep_000007_NONE,NONE,inventory-service,python-simulator,23.5,1785923659.0019438,114,0.8826,0.1174,closed,0.3812,38.12,0.3602,9.08,19.21,5.5,6.34,0.0031,15.63,550.7,0.0002,0.0034,0.1973,0.2548,1,90.53,109.82,120.72,0,0.0109,212.95,1,0.0008
live_ep_000007_NONE,NONE,inventory-service,python-simulator,24.0,1785923659.5028448,65,0.9795,0.0205,closed,0.3649,36.49,0.326,5.18,17.71,6.05,7.26,0.0083,2.0,524.4,0.0161,0.0008,0.3308,0.234,1,95.07,108.31,119.97,17,0.0232,192.84,4,0.0028
live_ep_000007_NONE,NONE,inventory-service,python-simulator,24.5,1785923660.0036902,68,0.9788,0.0212,closed,0.3919,39.19,0.3689,4.96,17.89,7.64,5.69,0.0072,8.43,572.8,0.0049,0.0006,0.2351,0.2664,2,78.12,79.38,125.48,12,0.0284,237.22,0,0.0012
live_ep_000007_NONE,NONE,inventory-service,python-simulator,25.0,1785923660.5037813,81,0.9616,0.0384,closed,0.2856,28.56,0.2441,0.5,16.76,6.7,5.41,0.0131,20.21,517.5,0.002,0.0016,0.307,0.2604,3,78.3,102.97,105.04,1,0.0633,232.01,6,0.0014
live_ep_000007_NONE,NONE,inventory-service,python-simulator,25.5,1785923661.0040166,33,0.987,0.013,closed,0.3842,38.42,0.3943,1.19,26.62,1.78,7.11,0.0089,16.13,519.8,0.0056,0.0002,0.0597,0.2538,3,92.23,91.23,90.62,2,0.0209,172.48,10,0.0036
live_ep_000007_NONE,NONE,inventory-service,python-simulator,26.0,1785923661.504833,78,0.99,0.01,closed,0.4128,41.28,0.3945,3.79,20.63,3.34,8.9,0.0012,2.0,528.0,0.0022,0.0088,0.3139,0.2445,4,75.76,105.42,161.42,12,0.0984,244.2,9,0.0053
live_ep_000007_NONE,NONE,inventory-service,python-simulator,26.5,1785923662.0051942,117,0.9696,0.0304,closed,0.2456,24.56,0.3782,10.83,30.73,7.66,8.92,0.0052,20.9,490.7,0.0067,0.0005,0.2222,0.2426,3,101.34,115.63,117.9,19,0.1,176.9,14,0.0016
live_ep_000007_NONE,NONE,inventory-service,python-simulator,27.0,1785923662.506472,21,0.9686,0.0314,closed,0.4104,41.04,0.4276,2.74,19.06,6.17,8.08,0.011,28.69,488.7,0.0124,0.0016,0.2175,0.259,3,90.85,105.44,126.3,14,0.0504,172.71,6,0.0088
live_ep_000007_NONE,NONE,inventory-service,python-simulator,27.5,1785923663.0068069,75,0.9593,0.0407,closed,0.2399,23.99,0.4665,1.68,14.38,3.92,9.06,0.0036,16.33,502.0,0.0022,0.0028,0.2889,0.2212,3,92.86,99.54,119.93,16,0.0382,171.82,14,0.0194
live_ep_000007_NONE,NONE,inventory-service,python-simulator,28.0,1785923663.5070992,114,0.9818,0.0182,closed,0.2798,27.98,0.4327,0.5,18.85,3.98,4.76,0.0117,27.23,514.9,0.0052,0.0006,0.187,0.2529,1,93.93,108.94,134.87,7,0.0111,229.34,2,0.0003
live_ep_000007_NONE,NONE,inventory-service,python-simulator,28.5,1785923664.0080416,56,0.9869,0.0131,closed,0.333,33.3,0.4286,1.59,11.55,3.75,3.09,0.0128,3.97,506.2,0.0019,0.002,0.1491,0.2509,3,82.88,90.26,109.46,0,0.0015,217.93,0,0.0001
live_ep_000007_NONE,NONE,inventory-service,python-simulator,29.0,1785923664.508832,49,0.9545,0.0455,closed,0.4117,41.17,0.3911,2.45,19.87,5.32,4.73,0.0129,8.59,515.4,0.0073,0.0,0.1265,0.2726,1,90.01,97.38,110.84,14,0.0087,189.73,10,0.0026
live_ep_000007_NONE,NONE,inventory-service,python-simulator,29.5,1785923665.0090237,63,0.9727,0.0273,closed,0.341,34.1,0.3142,0.5,22.19,5.75,5.45,0.0077,2.0,500.3,0.0078,0.0022,0.317,0.2093,3,91.0,102.98,123.84,10,0.0194,215.25,5,0.0128
live_ep_000007_NONE,NONE,inventory-service,python-simulator,30.0,1785923665.5095708,78,0.9024,0.0976,closed,0.3325,33.25,0.5029,6.17,21.74,7.04,6.39,0.0198,36.0,526.4,0.001,0.0013,0.1532,0.2784,1,93.27,99.84,132.18,3,0.0164,211.42,14,0.0008
live_ep_000007_NONE,NONE,inventory-service,python-simulator,30.5,1785923666.0102906,77,0.9751,0.0249,closed,0.3471,34.71,0.1976,1.97,18.18,4.99,5.42,0.0093,4.63,503.0,0.0001,0.0015,0.37,0.2513,1,97.09,106.39,146.14,9,0.1,204.48,5,0.0104
live_ep_000007_NONE,NONE,inventory-service,python-simulator,31.0,1785923666.5105653,94,0.9777,0.0223,closed,0.3443,34.43,0.3024,7.7,21.23,6.74,7.16,0.0305,4.39,529.4,0.0086,0.0056,0.2736,0.2503,0,89.06,106.45,114.11,8,0.0906,186.46,6,0.0057
live_ep_000007_NONE,NONE,inventory-service,python-simulator,31.5,1785923667.012643,85,0.99,0.01,closed,0.339,33.9,0.3693,12.64,13.86,2.99,5.94,0.0086,4.41,515.2,0.0008,0.0002,0.2628,0.2553,1,104.56,107.69,108.58,11,0.004,208.65,3,0.0333
live_ep_000007_NONE,NONE,inventory-service,python-simulator,32.0,1785923667.5137498,61,0.8925,0.1075,closed,0.295,29.5,0.2389,1.35,22.42,7.32,9.65,0.0168,5.76,511.0,0.0054,0.0018,0.2205,0.2642,0,85.62,99.38,119.65,12,0.0427,213.02,8,0.0112
live_ep_000007_NONE,NONE,inventory-service,python-simulator,32.5,1785923668.0141637,83,0.99,0.01,closed,0.3147,31.47,0.258,7.84,17.91,5.27,7.74,0.0107,11.76,505.2,0.0056,0.0001,0.2258,0.2444,1,96.67,106.2,116.68,13,0.0015,188.65,9,0.003
live_ep_000007_NONE,NONE,inventory-service,python-simulator,33.0,1785923668.5148387,81,0.9652,0.0348,closed,0.3648,36.48,0.4112,6.52,29.79,3.33,3.4,0.0114,60.0,490.2,0.0072,0.0022,0.0633,0.2568,1,76.38,122.02,124.44,19,0.0098,184.25,14,0.0256
live_ep_000007_NONE,NONE,inventory-service,python-simulator,33.5,1785923669.0152414,90,0.9332,0.0668,closed,0.4219,42.19,0.4316,7.49,22.38,2.63,4.78,0.008,2.0,532.3,0.0003,0.0022,0.2378,0.2054,0,88.32,92.45,102.94,17,0.0402,172.24,1,0.001
live_ep_000007_NONE,NONE,inventory-service,python-simulator,34.0,1785923669.5178316,37,0.9708,0.0292,closed,0.3161,31.61,0.382,0.5,18.09,1.95,3.57,0.0061,6.68,514.1,0.0018,0.0048,0.4222,0.3261,1,87.06,105.23,106.91,3,0.0135,204.48,0,0.0058
live_ep_000007_NONE,NONE,inventory-service,python-simulator,34.5,1785923670.018618,91,0.9626,0.0374,closed,0.3876,38.76,0.2826,5.03,12.89,8.07,6.9,0.047,26.86,525.6,0.0225,0.0035,0.1677,0.2759,1,85.15,111.2,135.12,11,0.0826,207.06,8,0.0022
live_ep_000007_NONE,NONE,inventory-service,python-simulator,35.0,1785923670.5191479,97,0.9629,0.0371,closed,0.3732,37.32,0.3614,3.2,15.13,3.42,4.56,0.0073,9.34,505.8,0.0012,0.0017,0.256,0.2549,3,81.28,113.81,118.98,13,0.0339,205.24,8,0.0004
live_ep_000007_NONE,NONE,inventory-service,python-simulator,35.5,1785923671.0219529,79,0.9424,0.0576,closed,0.3849,38.49,0.4536,2.99,18.23,2.24,7.32,0.0105,14.36,490.1,0.0013,0.0012,0.1314,0.2325,0,87.19,102.12,104.1,1,0.0068,199.64,10,0.0098
live_ep_000007_NONE,NONE,inventory-service,python-simulator,36.0,1785923671.5223393,98,0.9829,0.0171,closed,0.3319,33.19,0.2456,6.42,21.39,6.97,10.18,0.009,16.92,505.7,0.001,0.0004,0.2628,0.2793,2,97.53,110.19,119.39,5,0.0547,202.67,9,0.0039
live_ep_000007_NONE,NONE,inventory-service,python-simulator,36.5,1785923672.0245197,21,0.88,0.12,closed,0.3233,32.33,0.3468,1.83,13.66,4.33,4.2,0.0159,4.51,533.2,0.0061,0.0001,0.2774,0.2322,3,84.12,111.84,134.4,19,0.0016,200.65,12,0.0053
live_ep_000007_NONE,NONE,inventory-service,python-simulator,37.0,1785923672.524849,110,0.9838,0.0162,closed,0.4462,44.62,0.4077,8.29,22.19,6.16,4.14,0.0072,47.85,522.9,0.003,0.0017,0.1334,0.2593,2,100.19,110.72,112.19,19,0.0488,183.82,1,0.0057
live_ep_000007_NONE,NONE,inventory-service,python-simulator,37.5,1785923673.0251327,89,0.9882,0.0118,closed,0.3097,30.97,0.4074,3.75,20.53,6.71,6.99,0.0017,5.4,531.0,0.0005,0.0029,0.2149,0.2329,4,85.8,110.15,137.61,7,0.0944,200.9,9,0.006
live_ep_000007_NONE,NONE,inventory-service,python-simulator,38.0,1785923673.5254343,65,0.978,0.022,closed,0.3716,37.16,0.1674,1.56,12.05,8.08,2.36,0.0092,9.25,547.3,0.0015,0.0031,0.2359,0.294,1,85.04,106.29,134.07,18,0.0231,219.45,4,0.0003
live_ep_000007_NONE,NONE,inventory-service,python-simulator,38.5,1785923674.0283926,47,0.99,0.01,closed,0.3371,33.71,0.1783,1.2,30.22,8.9,6.71,0.0162,9.18,524.4,0.0089,0.0017,0.1784,0.2692,1,88.41,89.34,124.83,13,0.0624,190.09,8,0.0035
live_ep_000007_NONE,NONE,inventory-service,python-simulator,39.0,1785923674.5353937,55,0.9142,0.0858,closed,0.2871,28.71,0.516,1.58,23.76,6.57,14.02,0.0082,15.38,502.6,0.0054,0.0056,0.2345,0.2483,3,85.02,86.73,127.41,17,0.0513,204.63,8,0.0033
live_ep_000007_NONE,NONE,inventory-service,python-simulator,39.5,1785923675.0355399,104,0.9789,0.0211,closed,0.3898,38.98,0.2638,4.53,24.07,4.33,7.76,0.013,9.59,545.8,0.0037,0.0014,0.264,0.2305,0,90.82,91.37,110.38,6,0.0061,203.39,0,0.0047
live_ep_000007_NONE,NONE,inventory-service,python-simulator,40.0,1785923675.5359244,60,0.9029,0.0971,closed,0.3545,35.45,0.3196,5.82,16.28,3.05,5.09,0.0115,14.7,524.6,0.0134,0.0008,0.2265,0.216,1,84.96,118.13,122.56,5,0.0078,220.8,2,0.0052
live_ep_000007_NONE,NONE,inventory-service,python-simulator,40.5,1785923676.036341,51,0.8886,0.1114,closed,0.3488,34.88,0.3814,2.64,27.02,2.59,7.26,0.0147,8.28,535.2,0.0043,0.0005,0.3636,0.3061,0,97.2,101.64,102.8,18,0.0366,198.26,9,0.003
live_ep_000007_NONE,NONE,inventory-service,python-simulator,41.0,1785923676.5364923,112,0.9526,0.0474,closed,0.3471,34.71,0.1596,3.03,17.74,4.54,4.5,0.0033,11.46,526.0,0.0001,0.0012,0.3242,0.2615,4,95.93,106.71,132.99,7,0.0043,216.86,7,0.0087
live_ep_000007_NONE,NONE,inventory-service,python-simulator,41.5,1785923677.0393226,48,0.9493,0.0507,closed,0.3802,38.02,0.5203,8.87,16.07,7.84,5.43,0.0127,2.0,495.4,0.0054,0.0009,0.2911,0.2246,2,98.41,98.17,98.07,18,0.0682,187.43,14,0.0012
live_ep_000007_NONE,NONE,inventory-service,python-simulator,42.0,1785923677.5396178,34,0.9783,0.0217,closed,0.366,36.6,0.4123,3.33,30.15,4.53,6.59,0.0146,2.32,517.9,0.0019,0.0031,0.2403,0.2921,0,88.78,121.03,132.82,3,0.0524,226.66,10,0.0003
live_ep_000007_NONE,NONE,inventory-service,python-simulator,42.5,1785923678.0399222,23,0.9231,0.0769,closed,0.313,31.3,0.462,1.89,16.99,3.36,10.57,0.0072,5.7,516.5,0.0086,0.0002,0.2109,0.2822,3,92.27,144.78,147.89,16,0.0388,226.15,13,0.0018
live_ep_000007_NONE,NONE,inventory-service,python-simulator,43.0,1785923678.5408995,78,0.9645,0.0355,closed,0.4524,45.24,0.2862,2.26,22.03,3.51,6.98,0.0025,36.43,492.7,0.0016,0.0026,0.2327,0.1875,4,89.89,97.76,119.91,12,0.0862,205.35,14,0.0059
live_ep_000007_NONE,NONE,inventory-service,python-simulator,43.5,1785923679.0411987,93,0.9539,0.0461,closed,0.3381,33.81,0.4203,5.9,13.22,4.32,6.24,0.0072,2.0,505.6,0.0055,0.003,0.2546,0.2862,1,86.73,113.54,124.93,3,0.1,205.04,10,0.0187
live_ep_000007_NONE,NONE,inventory-service,python-simulator,44.0,1785923679.5505807,54,0.99,0.01,closed,0.3487,34.87,0.2725,2.43,31.95,4.22,3.67,0.0062,2.99,511.5,0.0029,0.0031,0.1669,0.2603,2,92.13,106.18,130.86,19,0.037,186.44,4,0.0047
live_ep_000007_NONE,NONE,inventory-service,python-simulator,44.5,1785923680.0508068,97,0.9747,0.0253,closed,0.3408,34.08,0.387,1.8,10.14,6.48,8.7,0.0075,2.0,513.2,0.0044,0.0015,0.2391,0.2547,4,91.34,106.86,107.89,13,0.009,192.82,4,0.0051
live_ep_000007_NONE,NONE,inventory-service,python-simulator,45.0,1785923680.5510263,92,0.9759,0.0241,closed,0.1936,19.36,0.5143,0.82,41.5,5.16,8.47,0.0041,45.23,539.0,0.0014,0.0002,0.2614,0.2747,4,90.27,93.01,98.54,15,0.0853,217.52,11,0.014
live_ep_000007_NONE,NONE,inventory-service,python-simulator,45.5,1785923681.0513573,68,0.88,0.12,closed,0.339,33.9,0.4196,1.53,27.02,8.43,7.2,0.0005,9.35,511.8,0.0035,0.0024,0.1904,0.2638,2,79.24,96.41,97.48,8,0.0041,210.13,5,0.0032
live_ep_000007_NONE,NONE,inventory-service,python-simulator,46.0,1785923681.5517747,119,0.963,0.037,closed,0.2537,25.37,0.3574,1.31,21.3,5.24,3.5,0.0048,3.99,515.0,0.0027,0.001,0.2741,0.278,1,99.08,101.1,116.17,7,0.1,176.42,6,0.0089
live_ep_000007_NONE,NONE,inventory-service,python-simulator,46.5,1785923682.0522544,67,0.99,0.01,closed,0.3939,39.39,0.3432,4.82,13.0,2.59,3.85,0.0169,4.81,479.8,0.0135,0.0069,0.2372,0.2457,3,90.6,91.72,119.24,9,0.1,235.83,0,0.0108
live_ep_000007_NONE,NONE,inventory-service,python-simulator,47.0,1785923682.5526314,21,0.9655,0.0345,closed,0.311,31.1,0.359,0.5,15.68,2.51,3.33,0.009,15.25,529.7,0.0004,0.0006,0.2215,0.2286,2,92.25,93.77,106.28,2,0.0566,177.37,2,0.0026
live_ep_000007_NONE,NONE,inventory-service,python-simulator,47.5,1785923683.0529914,63,0.9411,0.0589,closed,0.3912,39.12,0.3163,2.02,18.52,3.15,10.51,0.0085,7.62,514.6,0.0019,0.0006,0.0993,0.2057,2,84.36,105.66,114.86,14,0.0789,187.64,7,0.0048
live_ep_000007_NONE,NONE,inventory-service,python-simulator,48.0,1785923683.553138,83,0.9579,0.0421,closed,0.3706,37.06,0.3364,1.6,14.97,3.48,7.44,0.0167,6.39,522.5,0.0005,0.0012,0.3784,0.1961,0,89.69,98.6,104.99,9,0.0335,206.46,6,0.0048
live_ep_000007_NONE,NONE,inventory-service,python-simulator,48.5,1785923684.05835,51,0.88,0.12,closed,0.387,38.7,0.3173,3.77,25.59,5.06,2.78,0.0116,11.07,508.6,0.0048,0.0017,0.1778,0.2847,3,85.58,100.82,101.28,2,0.0455,213.34,5,0.0018
live_ep_000007_NONE,NONE,inventory-service,python-simulator,49.0,1785923684.5587077,79,0.9845,0.0155,closed,0.356,35.6,0.3464,4.17,37.85,3.81,10.19,0.0116,40.5,531.0,0.001,0.0008,0.3909,0.2844,2,91.85,95.9,108.64,18,0.0296,178.59,5,0.0003
live_ep_000007_NONE,NONE,inventory-service,python-simulator,49.5,1785923685.0592124,71,0.99,0.01,closed,0.3653,36.53,0.2892,1.99,27.28,2.49,4.45,0.01,17.6,493.4,0.0048,0.0016,0.2109,0.2782,4,85.77,104.1,113.41,17,0.0422,194.47,5,0.005
live_ep_000007_NONE,NONE,inventory-service,python-simulator,50.0,1785923685.5596213,73,0.9831,0.0169,closed,0.3337,33.37,0.2034,1.73,18.57,1.99,4.9,0.0082,2.0,525.0,0.0,0.001,0.2352,0.2223,0,102.44,96.97,95.32,19,0.0105,210.44,7,0.0025
live_ep_000007_NONE,NONE,inventory-service,python-simulator,50.5,1785923686.0602727,102,0.9719,0.0281,closed,0.3717,37.17,0.3207,1.22,32.37,5.16,4.97,0.0079,3.68,547.4,0.004,0.0043,0.1648,0.239,3,85.7,105.98,112.22,18,0.0293,200.67,7,0.0103
live_ep_000007_NONE,NONE,inventory-service,python-simulator,51.0,1785923686.561146,34,0.88,0.12,closed,0.4342,43.42,0.3832,8.35,23.55,7.9,5.1,0.016,42.44,515.9,0.0016,0.0037,0.2994,0.2702,3,91.58,98.71,132.24,6,0.0179,218.48,12,0.0036
live_ep_000007_NONE,NONE,inventory-service,python-simulator,51.5,1785923687.0792348,35,0.9276,0.0724,closed,0.3075,30.75,0.4297,0.66,17.54,2.72,5.69,0.0103,2.0,511.7,0.0083,0.0001,0.1693,0.2834,0,91.92,106.05,113.14,0,0.0126,194.08,13,0.0101
live_ep_000007_NONE,NONE,inventory-service,python-simulator,52.0,1785923687.579446,100,0.9689,0.0311,closed,0.3864,38.64,0.385,7.7,25.77,3.11,6.67,0.0056,9.34,522.7,0.0007,0.0041,0.2872,0.2628,4,84.55,86.62,114.11,16,0.0141,203.03,2,0.0005
live_ep_000007_NONE,NONE,inventory-service,python-simulator,52.5,1785923688.0795329,31,0.9596,0.0404,closed,0.2939,29.39,0.3059,8.06,42.46,5.44,3.73,0.0117,2.0,500.4,0.0,0.0025,0.2286,0.2563,3,83.88,105.11,117.4,10,0.0472,195.74,1,0.0019
live_ep_000007_NONE,NONE,inventory-service,python-simulator,53.0,1785923688.579813,96,0.9871,0.0129,closed,0.2518,25.18,0.3359,1.58,24.01,9.23,4.02,0.0085,5.63,487.3,0.0051,0.0037,0.3576,0.1845,2,82.15,97.71,129.68,1,0.0482,189.34,13,0.0096
live_ep_000007_NONE,NONE,inventory-service,python-simulator,53.5,1785923689.0803232,101,0.99,0.01,closed,0.2434,24.34,0.3437,5.26,29.02,3.15,2.29,0.0174,26.1,549.2,0.0173,0.0011,0.2289,0.2754,2,85.75,101.89,126.77,7,0.0286,188.48,13,0.002
live_ep_000007_NONE,NONE,inventory-service,python-simulator,54.0,1785923689.5807145,91,0.9676,0.0324,closed,0.3268,32.68,0.2874,3.82,22.33,3.02,4.61,0.0034,5.07,540.2,0.0134,0.0008,0.2824,0.2478,4,87.77,123.68,129.81,18,0.0196,217.85,13,0.0024
live_ep_000007_NONE,NONE,inventory-service,python-simulator,54.5,1785923690.0808742,73,0.88,0.12,closed,0.3527,35.27,0.3156,1.86,13.02,2.18,3.51,0.0178,2.0,480.8,0.0016,0.0012,0.3007,0.2003,0,93.15,95.92,118.49,0,0.003,211.32,4,0.0012
live_ep_000007_NONE,NONE,inventory-service,python-simulator,55.0,1785923690.5812125,100,0.99,0.01,closed,0.3339,33.39,0.304,3.74,18.85,3.83,3.12,0.0044,11.53,546.2,0.0016,0.0007,0.2884,0.2843,1,90.19,93.76,122.37,17,0.0297,240.09,8,0.0033
live_ep_000007_NONE,NONE,inventory-service,python-simulator,55.5,1785923691.1156826,58,0.88,0.12,closed,0.326,32.6,0.3361,1.6,27.25,8.86,4.87,0.0077,17.2,523.7,0.0057,0.0001,0.3224,0.2679,4,99.35,102.07,130.0,0,0.0573,199.42,6,0.0015
live_ep_000007_NONE,NONE,inventory-service,python-simulator,56.0,1785923691.6160119,28,0.9841,0.0159,closed,0.3768,37.68,0.4156,2.16,25.86,4.99,6.74,0.0072,22.38,523.7,0.0001,0.0034,0.1669,0.3141,3,82.65,106.77,114.01,13,0.0355,183.83,5,0.003
live_ep_000007_NONE,NONE,inventory-service,python-simulator,56.5,1785923692.1162028,91,0.88,0.12,closed,0.4102,41.02,0.3923,11.89,30.18,6.62,3.99,0.0071,4.88,483.2,0.0003,0.0011,0.2191,0.2408,0,105.32,109.45,120.6,11,0.0425,207.12,0,0.0012
live_ep_000007_NONE,NONE,inventory-service,python-simulator,57.0,1785923692.6164262,37,0.989,0.011,closed,0.4427,44.27,0.4896,26.16,18.54,3.13,6.73,0.0148,7.0,506.2,0.0012,0.0024,0.1233,0.2196,2,102.41,105.78,117.34,12,0.0623,222.93,9,0.0024
live_ep_000007_NONE,NONE,inventory-service,python-simulator,57.5,1785923693.116612,22,0.9625,0.0375,closed,0.3621,36.21,0.3529,0.5,19.0,4.81,4.64,0.0249,22.76,523.8,0.0014,0.0002,0.2311,0.2598,0,103.53,97.84,91.33,6,0.0817,217.89,10,0.0051
live_ep_000007_NONE,NONE,inventory-service,python-simulator,58.0,1785923693.6293612,27,0.88,0.12,closed,0.3582,35.82,0.2812,1.43,27.8,5.07,5.91,0.0131,6.58,514.0,0.0033,0.0037,0.2475,0.2775,1,92.35,103.52,110.9,13,0.0099,159.6,9,0.004
live_ep_000007_NONE,NONE,inventory-service,python-simulator,58.5,1785923694.1299787,40,0.88,0.12,closed,0.3219,32.19,0.5054,1.08,23.01,5.14,8.82,0.0152,9.59,520.2,0.0122,0.0024,0.2174,0.1981,1,85.44,100.37,109.64,7,0.0002,218.56,0,0.0041
live_ep_000007_NONE,NONE,inventory-service,python-simulator,59.0,1785923694.6302643,46,0.983,0.017,closed,0.2691,26.91,0.1839,3.05,20.48,6.29,16.34,0.0048,9.07,496.9,0.0109,0.0033,0.4277,0.1895,2,91.49,108.56,129.17,16,0.0367,183.17,14,0.015
live_ep_000007_NONE,NONE,inventory-service,python-simulator,59.5,1785923695.1305723,21,0.9715,0.0285,closed,0.4265,42.65,0.3021,3.7,15.59,3.11,5.55,0.0106,2.0,505.5,0.0069,0.0002,0.1967,0.2827,3,88.06,88.47,105.62,15,0.0035,172.13,4,0.003
live_ep_000008_NONE,NONE,inventory-service,python-simulator,0.0,1785923695.6317544,23,0.9505,0.0495,closed,0.3701,37.01,0.2544,7.34,7.42,4.98,5.69,0.004,2.0,530.7,0.0002,0.0011,0.3359,0.2612,2,75.73,89.64,90.4,8,0.0178,181.64,11,0.0004
live_ep_000008_NONE,NONE,inventory-service,python-simulator,0.5,1785923696.1322427,74,0.9816,0.0184,closed,0.4137,41.37,0.2644,6.24,16.68,3.08,11.07,0.024,2.0,499.5,0.0194,0.0001,0.192,0.2555,3,92.31,94.31,129.51,18,0.0156,202.15,6,0.0012
live_ep_000008_NONE,NONE,inventory-service,python-simulator,1.0,1785923696.632682,92,0.9609,0.0391,closed,0.3958,39.58,0.4183,2.71,24.2,6.91,4.6,0.0051,30.21,545.6,0.0012,0.0057,0.2279,0.2391,1,79.59,104.81,109.38,0,0.0211,170.84,10,0.0001
live_ep_000008_NONE,NONE,inventory-service,python-simulator,1.5,1785923697.1331952,69,0.9856,0.0144,closed,0.3144,31.44,0.3858,9.39,28.82,3.45,5.63,0.0038,2.0,538.3,0.008,0.0,0.3216,0.2833,1,86.7,106.32,121.37,1,0.0537,192.92,6,0.0225
live_ep_000008_NONE,NONE,inventory-service,python-simulator,2.0,1785923697.6344342,74,0.9869,0.0131,closed,0.3281,32.81,0.3416,13.74,14.89,5.25,8.63,0.0075,10.48,511.9,0.0032,0.0012,0.2554,0.1697,0,79.71,157.48,162.54,19,0.0018,200.43,14,0.0199
live_ep_000008_NONE,NONE,inventory-service,python-simulator,2.5,1785923698.1347294,100,0.9772,0.0228,closed,0.381,38.1,0.4473,1.44,20.91,4.92,3.27,0.0023,9.47,538.8,0.0001,0.0006,0.3023,0.3075,1,89.82,93.65,109.66,8,0.0074,228.02,8,0.0066
live_ep_000008_NONE,NONE,inventory-service,python-simulator,3.0,1785923698.6353276,56,0.9614,0.0386,closed,0.2721,27.21,0.4685,8.11,19.44,2.84,5.25,0.0042,6.07,511.8,0.0087,0.004,0.2486,0.2685,3,92.84,122.57,122.64,15,0.0396,226.59,14,0.0114
live_ep_000008_NONE,NONE,inventory-service,python-simulator,3.5,1785923699.1360648,119,0.9198,0.0802,closed,0.275,27.5,0.3203,0.5,21.34,5.22,6.32,0.0046,5.06,521.8,0.0025,0.0005,0.2878,0.2931,1,89.82,126.59,142.04,6,0.0449,153.23,0,0.0018
live_ep_000008_NONE,NONE,inventory-service,python-simulator,4.0,1785923699.636434,31,0.9842,0.0158,closed,0.3474,34.74,0.4024,30.0,21.23,3.36,8.05,0.0155,3.95,536.9,0.0045,0.0011,0.2829,0.2746,4,91.91,110.27,116.69,9,0.016,214.94,9,0.0013
live_ep_000008_NONE,NONE,inventory-service,python-simulator,4.5,1785923700.1371171,78,0.9349,0.0651,closed,0.344,34.4,0.5076,3.39,18.63,10.11,11.97,0.0151,5.35,504.1,0.0017,0.0005,0.2999,0.2284,3,90.09,96.38,111.78,16,0.0546,192.18,13,0.0032
live_ep_000008_NONE,NONE,inventory-service,python-simulator,5.0,1785923700.637995,97,0.9735,0.0265,closed,0.3289,32.89,0.3748,1.43,9.64,3.02,5.03,0.005,40.99,525.2,0.0185,0.004,0.1765,0.2799,0,107.23,108.12,112.76,12,0.0112,203.29,9,0.0086
live_ep_000008_NONE,NONE,inventory-service,python-simulator,5.5,1785923701.1387079,92,0.88,0.12,closed,0.2827,28.27,0.4365,2.1,23.63,2.34,4.6,0.0142,2.0,495.4,0.0104,0.0002,0.1977,0.161,4,89.06,93.35,96.91,7,0.0392,199.9,6,0.0021
live_ep_000008_NONE,NONE,inventory-service,python-simulator,6.0,1785923701.639759,21,0.9808,0.0192,closed,0.2884,28.84,0.4498,10.33,21.35,5.26,9.67,0.0098,16.26,482.7,0.0074,0.0,0.3084,0.2494,0,98.52,104.37,121.24,4,0.0057,189.39,6,0.0001
live_ep_000008_NONE,NONE,inventory-service,python-simulator,6.5,1785923702.140557,111,0.9707,0.0293,closed,0.3198,31.98,0.3618,10.36,27.74,5.97,8.72,0.0186,17.02,544.2,0.0027,0.0012,0.3637,0.2309,1,83.61,106.47,125.56,11,0.0056,211.0,2,0.006
live_ep_000008_NONE,NONE,inventory-service,python-simulator,7.0,1785923702.640724,29,0.9695,0.0305,closed,0.3133,31.33,0.3395,1.6,29.28,4.93,4.76,0.0039,4.25,518.1,0.0067,0.0018,0.2668,0.25,1,87.75,101.9,105.42,7,0.0477,186.38,0,0.0115
live_ep_000008_NONE,NONE,inventory-service,python-simulator,7.5,1785923703.1408737,87,0.99,0.01,closed,0.335,33.5,0.2626,1.46,22.12,5.47,5.3,0.0036,7.14,519.1,0.0102,0.0033,0.2826,0.2496,2,81.17,117.8,118.36,17,0.0101,218.66,3,0.0046
live_ep_000008_NONE,NONE,inventory-service,python-simulator,8.0,1785923703.6414165,75,0.99,0.01,closed,0.2499,24.99,0.2752,2.94,33.75,4.06,6.79,0.002,13.21,500.4,0.0023,0.0007,0.233,0.2632,4,90.88,101.34,111.21,4,0.0516,209.15,5,0.0092
live_ep_000008_NONE,NONE,inventory-service,python-simulator,8.5,1785923704.1423213,73,0.949,0.051,closed,0.2809,28.09,0.3332,8.13,21.86,5.48,11.67,0.004,2.0,500.8,0.0195,0.0037,0.2624,0.2772,4,92.87,99.72,130.08,13,0.0167,239.26,10,0.0068
live_ep_000008_NONE,NONE,inventory-service,python-simulator,9.0,1785923704.6427946,35,0.988,0.012,closed,0.2697,26.97,0.3687,8.15,21.29,3.38,4.2,0.0146,24.19,526.6,0.0018,0.0018,0.3103,0.2582,1,96.28,101.29,109.81,0,0.0032,183.9,3,0.0059
live_ep_000008_NONE,NONE,inventory-service,python-simulator,9.5,1785923705.143002,107,0.8806,0.1194,closed,0.3171,31.71,0.3372,6.22,8.24,6.55,2.93,0.0005,4.31,513.7,0.0057,0.0023,0.2078,0.2664,4,79.65,125.36,127.93,5,0.0019,201.24,10,0.0005
live_ep_000008_NONE,NONE,inventory-service,python-simulator,10.0,1785923705.6431947,118,0.9476,0.0524,closed,0.3595,35.95,0.4003,0.74,15.04,7.23,5.09,0.0072,2.72,525.9,0.0017,0.0043,0.2637,0.2447,0,81.81,106.48,124.14,15,0.0174,186.22,0,0.0077
live_ep_000008_NONE,NONE,inventory-service,python-simulator,10.5,1785923706.1433454,49,0.9794,0.0206,closed,0.3175,31.75,0.2974,8.93,34.74,9.01,4.19,0.0008,2.0,540.1,0.0061,0.0003,0.2613,0.2577,4,94.89,93.48,90.19,1,0.1,190.17,0,0.0003
live_ep_000008_NONE,NONE,inventory-service,python-simulator,11.0,1785923706.6436648,53,0.99,0.01,closed,0.4614,46.14,0.4523,5.9,8.95,2.98,5.83,0.0138,7.82,483.0,0.0083,0.0016,0.1987,0.205,2,94.62,99.94,109.81,13,0.0703,227.22,8,0.0002
live_ep_000008_NONE,NONE,inventory-service,python-simulator,11.5,1785923707.1437984,61,0.9676,0.0324,closed,0.4068,40.68,0.4149,0.5,27.18,6.35,8.52,0.0062,4.04,509.1,0.0003,0.0041,0.1842,0.2063,4,103.37,111.8,112.94,7,0.0223,198.89,0,0.0015
live_ep_000008_NONE,NONE,inventory-service,python-simulator,12.0,1785923707.6439404,50,0.9845,0.0155,closed,0.3932,39.32,0.3313,1.8,16.37,4.35,2.83,0.0017,24.63,519.6,0.0021,0.0004,0.2592,0.2756,4,83.6,102.84,128.84,1,0.1,174.6,10,0.0064
live_ep_000008_NONE,NONE,inventory-service,python-simulator,12.5,1785923708.1464899,74,0.9895,0.0105,closed,0.3459,34.59,0.272,21.24,16.93,8.27,10.34,0.0115,13.79,453.3,0.0069,0.0027,0.2252,0.2524,3,88.92,105.52,110.38,19,0.0202,201.46,6,0.0005
live_ep_000008_NONE,NONE,inventory-service,python-simulator,13.0,1785923708.6468801,108,0.9813,0.0187,closed,0.3588,35.88,0.3451,3.21,23.58,5.19,7.81,0.0121,20.5,511.3,0.0029,0.0019,0.1843,0.1264,4,102.52,89.27,89.27,13,0.0156,197.81,1,0.0
live_ep_000008_NONE,NONE,inventory-service,python-simulator,13.5,1785923709.147163,83,0.973,0.027,closed,0.3816,38.16,0.3558,10.93,16.21,8.59,2.73,0.0221,17.18,498.0,0.0023,0.001,0.2668,0.1911,1,93.9,103.66,107.42,14,0.1,206.21,0,0.0028
live_ep_000008_NONE,NONE,inventory-service,python-simulator,14.0,1785923709.6473522,53,0.9592,0.0408,closed,0.4152,41.52,0.4313,2.04,14.96,4.84,5.08,0.0116,13.36,523.6,0.0003,0.0036,0.3097,0.3159,1,95.42,102.38,122.36,8,0.1,169.48,12,0.0006
live_ep_000008_NONE,NONE,inventory-service,python-simulator,14.5,1785923710.147736,67,0.9381,0.0619,closed,0.3588,35.88,0.409,17.95,19.82,3.6,8.28,0.0041,4.78,531.5,0.012,0.0023,0.2425,0.2934,3,88.35,107.54,138.48,6,0.0484,194.66,4,0.0152
live_ep_000008_NONE,NONE,inventory-service,python-simulator,15.0,1785923710.6482115,74,0.9835,0.0165,closed,0.3424,34.24,0.4198,2.11,16.25,3.05,4.42,0.0033,32.05,524.7,0.0045,0.0025,0.1307,0.2723,2,79.22,106.17,144.28,13,0.0308,207.16,10,0.0094
live_ep_000008_NONE,NONE,inventory-service,python-simulator,15.5,1785923711.148543,87,0.9537,0.0463,closed,0.3397,33.97,0.3199,7.76,18.62,2.73,6.05,0.0061,8.48,497.9,0.0054,0.0026,0.2466,0.2298,3,91.48,117.65,120.21,10,0.0057,214.24,9,0.0003
live_ep_000008_NONE,NONE,inventory-service,python-simulator,16.0,1785923711.648698,77,0.9869,0.0131,closed,0.3595,35.95,0.2914,0.5,30.71,4.64,13.0,0.006,2.62,500.3,0.0047,0.0012,0.171,0.2343,0,92.55,97.48,97.57,8,0.003,176.46,8,0.0095
live_ep_000008_NONE,NONE,inventory-service,python-simulator,16.5,1785923712.1525111,38,0.9805,0.0195,closed,0.4119,41.19,0.2875,1.44,20.86,5.01,2.85,0.0023,2.0,529.5,0.0043,0.0001,0.2325,0.273,1,101.37,108.05,110.49,18,0.0061,217.59,9,0.0011
live_ep_000008_NONE,NONE,inventory-service,python-simulator,17.0,1785923712.6528907,34,0.88,0.12,closed,0.4225,42.25,0.3842,21.72,16.28,3.9,4.68,0.0024,12.84,507.0,0.001,0.0048,0.2156,0.2294,1,89.64,95.79,101.46,3,0.0328,199.85,10,0.0131
live_ep_000008_NONE,NONE,inventory-service,python-simulator,17.5,1785923713.152984,87,0.9321,0.0679,closed,0.3686,36.86,0.3486,2.63,16.54,3.2,4.87,0.0066,5.99,504.3,0.0018,0.0011,0.3086,0.2677,2,95.03,106.6,112.94,1,0.1,180.26,6,0.0
live_ep_000008_NONE,NONE,inventory-service,python-simulator,18.0,1785923713.6532269,53,0.9686,0.0314,closed,0.3742,37.42,0.3775,3.39,15.41,3.67,6.14,0.0114,2.0,551.3,0.0032,0.0004,0.2652,0.2684,0,89.08,100.28,114.53,8,0.0013,222.91,4,0.0043
live_ep_000008_NONE,NONE,inventory-service,python-simulator,18.5,1785923714.1535823,43,0.9419,0.0581,closed,0.311,31.1,0.4213,5.77,19.02,3.83,7.63,0.0022,3.72,470.1,0.0144,0.0033,0.2499,0.1992,4,79.65,82.45,101.89,18,0.0105,178.9,9,0.0004
live_ep_000008_NONE,NONE,inventory-service,python-simulator,19.0,1785923714.6540358,89,0.9731,0.0269,closed,0.3356,33.56,0.4269,4.28,23.97,2.47,4.23,0.006,13.41,516.4,0.0071,0.0012,0.2575,0.2897,3,93.57,115.64,128.99,3,0.068,189.31,12,0.0021
live_ep_000008_NONE,NONE,inventory-service,python-simulator,19.5,1785923715.1542866,60,0.9822,0.0178,closed,0.3029,30.29,0.1786,5.78,18.14,2.9,7.82,0.0207,2.0,516.8,0.0015,0.0008,0.3094,0.248,4,86.28,89.96,100.76,1,0.0146,204.75,13,0.0025
live_ep_000008_NONE,NONE,inventory-service,python-simulator,20.0,1785923715.6547503,89,0.9825,0.0175,closed,0.3182,31.82,0.432,1.96,25.82,5.07,6.71,0.0105,6.2,540.0,0.0019,0.0016,0.3178,0.2813,4,84.05,115.93,145.35,13,0.002,196.84,2,0.0068
live_ep_000008_NONE,NONE,inventory-service,python-simulator,20.5,1785923716.1553745,80,0.9679,0.0321,closed,0.3635,36.35,0.348,1.89,20.09,5.35,4.61,0.0039,5.99,476.9,0.0008,0.0019,0.3463,0.248,3,97.84,100.89,103.52,0,0.0011,204.09,7,0.0083
live_ep_000008_NONE,NONE,inventory-service,python-simulator,21.0,1785923716.6554568,94,0.99,0.01,closed,0.3969,39.69,0.5192,4.49,24.98,6.22,4.26,0.0092,2.0,521.8,0.0024,0.0044,0.3182,0.2463,0,108.68,113.79,125.53,5,0.0158,213.46,8,0.0008
live_ep_000008_NONE,NONE,inventory-service,python-simulator,21.5,1785923717.1558075,101,0.9583,0.0417,closed,0.3704,37.04,0.3965,5.51,20.11,4.93,8.42,0.009,12.01,475.7,0.0017,0.0015,0.17,0.2501,1,83.99,111.97,136.93,11,0.0168,188.54,4,0.0021
live_ep_000008_NONE,NONE,inventory-service,python-simulator,22.0,1785923717.6562986,48,0.99,0.01,closed,0.3131,31.31,0.3086,4.43,26.23,1.67,7.04,0.01,38.03,530.5,0.0017,0.0026,0.2132,0.2715,2,95.96,98.98,113.19,9,0.1,205.73,10,0.0074
live_ep_000008_NONE,NONE,inventory-service,python-simulator,22.5,1785923718.1567216,35,0.8988,0.1012,closed,0.3263,32.63,0.3144,0.5,22.47,5.13,6.2,0.0048,4.02,500.6,0.0002,0.0036,0.2341,0.2895,3,88.02,111.81,122.75,18,0.0398,182.24,0,0.0011
live_ep_000008_NONE,NONE,inventory-service,python-simulator,23.0,1785923718.6568844,44,0.99,0.01,closed,0.3198,31.98,0.4236,4.64,18.05,4.16,5.11,0.0041,18.79,495.5,0.0029,0.0011,0.2579,0.3015,3,85.54,117.58,140.27,10,0.0528,192.42,4,0.0073
live_ep_000008_NONE,NONE,inventory-service,python-simulator,23.5,1785923719.1571448,95,0.9323,0.0677,closed,0.4247,42.47,0.4237,8.34,21.82,4.15,12.49,0.0094,44.8,545.0,0.0012,0.0029,0.2898,0.2867,1,112.04,132.68,135.77,19,0.0605,225.64,11,0.0045
live_ep_000008_NONE,NONE,inventory-service,python-simulator,24.0,1785923719.6572547,80,0.99,0.01,closed,0.3703,37.03,0.3304,1.58,21.25,2.62,9.01,0.0115,5.63,517.6,0.0001,0.0101,0.2346,0.2375,0,87.94,91.56,130.83,10,0.0283,217.13,12,0.0007
live_ep_000008_NONE,NONE,inventory-service,python-simulator,24.5,1785923720.157449,52,0.99,0.01,closed,0.4512,45.12,0.4306,10.1,22.91,2.64,6.93,0.0131,4.66,475.2,0.0012,0.0044,0.1643,0.2586,4,84.8,85.27,93.25,18,0.0122,201.03,13,0.0007
live_ep_000008_NONE,NONE,inventory-service,python-simulator,25.0,1785923720.657745,92,0.9172,0.0828,closed,0.358,35.8,0.2648,2.28,15.51,2.45,7.51,0.0036,17.23,539.2,0.0017,0.0038,0.3452,0.2639,4,83.49,112.84,114.71,9,0.0285,194.67,1,0.0071
live_ep_000008_NONE,NONE,inventory-service,python-simulator,25.5,1785923721.1580968,29,0.9289,0.0711,closed,0.3757,37.57,0.3229,1.99,15.2,3.7,12.86,0.0101,2.0,521.2,0.0111,0.0015,0.1902,0.2546,1,81.4,90.0,123.15,7,0.0319,177.67,10,0.0074
live_ep_000008_NONE,NONE,inventory-service,python-simulator,26.0,1785923721.6585913,111,0.9828,0.0172,closed,0.3021,30.21,0.3114,2.45,21.86,4.03,3.99,0.0051,2.0,475.6,0.0024,0.001,0.2673,0.2318,4,80.74,104.71,129.8,11,0.0102,187.09,11,0.0002
live_ep_000008_NONE,NONE,inventory-service,python-simulator,26.5,1785923722.1586885,102,0.88,0.12,closed,0.2967,29.67,0.416,9.33,17.93,5.15,7.35,0.0006,2.0,504.4,0.0044,0.0028,0.1897,0.2425,0,98.31,134.05,145.35,17,0.0002,204.39,2,0.0042
live_ep_000008_NONE,NONE,inventory-service,python-simulator,27.0,1785923722.6588075,103,0.945,0.055,closed,0.2822,28.22,0.4288,4.94,33.31,3.04,4.74,0.0082,11.58,514.2,0.0087,0.0007,0.2169,0.2257,3,77.92,94.7,107.72,9,0.0794,196.0,4,0.0009
live_ep_000008_NONE,NONE,inventory-service,python-simulator,27.5,1785923723.1589499,117,0.9662,0.0338,closed,0.2201,22.01,0.3619,0.5,9.34,4.47,3.57,0.0103,6.13,505.3,0.0002,0.0042,0.2795,0.2448,4,92.99,134.5,139.0,17,0.1,184.26,0,0.0017
live_ep_000008_NONE,NONE,inventory-service,python-simulator,28.0,1785923723.6591358,95,0.99,0.01,closed,0.3573,35.73,0.3685,4.17,17.57,2.7,3.18,0.0007,4.31,518.8,0.0011,0.0014,0.2223,0.2632,4,88.88,100.92,123.3,12,0.0446,225.44,6,0.0058
live_ep_000008_NONE,NONE,inventory-service,python-simulator,28.5,1785923724.1593246,90,0.9849,0.0151,closed,0.3717,37.17,0.1932,2.89,23.64,3.62,4.98,0.0278,39.2,520.9,0.0141,0.0002,0.263,0.231,1,89.48,117.37,137.51,13,0.003,161.69,10,0.0022
live_ep_000008_NONE,NONE,inventory-service,python-simulator,29.0,1785923724.6596677,36,0.9762,0.0238,closed,0.4835,48.35,0.1932,2.54,13.57,4.76,7.18,0.0138,11.24,522.8,0.0,0.0013,0.216,0.2291,1,78.65,81.51,87.23,5,0.1,193.34,0,0.0004
live_ep_000008_NONE,NONE,inventory-service,python-simulator,29.5,1785923725.1751382,98,0.9859,0.0141,closed,0.312,31.2,0.3815,2.04,23.58,5.02,7.09,0.0027,4.68,505.5,0.002,0.0013,0.2426,0.2379,4,89.12,93.53,117.67,18,0.013,177.1,12,0.0016
live_ep_000008_NONE,NONE,inventory-service,python-simulator,30.0,1785923725.6753583,20,0.9712,0.0288,closed,0.394,39.4,0.3296,1.67,16.6,2.55,5.01,0.0206,2.0,538.4,0.0042,0.0007,0.2283,0.2058,4,80.82,99.79,119.17,15,0.0829,183.5,9,0.0065
live_ep_000008_NONE,NONE,inventory-service,python-simulator,30.5,1785923726.1757853,40,0.9293,0.0707,closed,0.3949,39.49,0.358,1.99,20.02,4.3,10.69,0.0069,9.76,540.5,0.0025,0.0049,0.1925,0.226,0,84.1,123.71,133.85,14,0.0383,222.23,0,0.0027
live_ep_000008_NONE,NONE,inventory-service,python-simulator,31.0,1785923726.6886652,95,0.99,0.01,closed,0.3028,30.28,0.491,0.5,37.37,3.9,4.25,0.0079,23.97,513.2,0.0015,0.0003,0.1739,0.2545,2,96.18,117.68,120.99,3,0.0277,177.27,8,0.0025
live_ep_000008_NONE,NONE,inventory-service,python-simulator,31.5,1785923727.1888242,48,0.9837,0.0163,closed,0.3898,38.98,0.4562,3.4,10.15,3.87,4.15,0.0125,2.64,489.1,0.0097,0.001,0.1807,0.247,1,81.77,102.06,135.93,0,0.0862,197.42,11,0.0049
live_ep_000008_NONE,NONE,inventory-service,python-simulator,32.0,1785923727.6889782,59,0.99,0.01,closed,0.2783,27.83,0.2502,1.2,23.11,4.66,4.92,0.0065,12.58,532.1,0.0061,0.0007,0.1571,0.2698,1,96.98,112.9,138.13,15,0.0044,197.01,3,0.003
live_ep_000008_NONE,NONE,inventory-service,python-simulator,32.5,1785923728.1892161,54,0.99,0.01,closed,0.2691,26.91,0.2787,3.94,17.38,3.17,5.39,0.0061,8.18,529.2,0.0025,0.0026,0.2383,0.2615,2,87.85,103.52,118.07,5,0.0253,175.94,13,0.0042
live_ep_000008_NONE,NONE,inventory-service,python-simulator,33.0,1785923728.6895936,44,0.88,0.12,closed,0.4392,43.92,0.4028,0.5,18.33,5.84,5.27,0.0038,4.97,504.0,0.0002,0.0003,0.1577,0.2782,0,97.53,127.48,152.16,18,0.0056,206.86,4,0.0015
live_ep_000008_NONE,NONE,inventory-service,python-simulator,33.5,1785923729.1899042,103,0.9611,0.0389,closed,0.3568,35.68,0.3368,14.71,22.17,2.78,6.59,0.0103,22.71,513.3,0.0034,0.0006,0.2572,0.2701,4,81.16,89.68,113.01,5,0.0781,175.56,12,0.0011
live_ep_000008_NONE,NONE,inventory-service,python-simulator,34.0,1785923729.6904056,99,0.9222,0.0778,closed,0.2618,26.18,0.3114,3.8,19.96,6.84,4.79,0.0117,14.3,502.6,0.0028,0.0018,0.1405,0.2644,0,83.87,92.48,107.18,18,0.0122,220.69,14,0.0003
live_ep_000008_NONE,NONE,inventory-service,python-simulator,34.5,1785923730.1909149,50,0.9308,0.0692,closed,0.445,44.5,0.4587,1.93,20.05,4.14,4.38,0.0095,7.32,516.7,0.0031,0.0016,0.3813,0.2533,3,93.36,110.24,110.86,4,0.0053,207.34,0,0.0026
live_ep_000008_NONE,NONE,inventory-service,python-simulator,35.0,1785923730.6913002,61,0.9832,0.0168,closed,0.4389,43.89,0.3175,3.33,23.85,2.25,4.57,0.0043,20.44,511.1,0.0027,0.0033,0.2717,0.2007,2,103.24,108.38,116.78,7,0.0767,229.08,4,0.0079
live_ep_000008_NONE,NONE,inventory-service,python-simulator,35.5,1785923731.1914508,38,0.9889,0.0111,closed,0.3514,35.14,0.4833,2.0,21.96,5.1,5.79,0.0178,18.47,471.4,0.0098,0.007,0.1579,0.2208,2,83.85,91.91,95.03,17,0.0119,219.64,9,0.0054
live_ep_000008_NONE,NONE,inventory-service,python-simulator,36.0,1785923731.6919763,118,0.9764,0.0236,closed,0.2974,29.74,0.2722,12.23,18.16,4.09,11.02,0.0077,6.62,531.4,0.0039,0.0015,0.2684,0.2646,2,101.03,116.68,127.4,7,0.0445,176.4,1,0.0113
live_ep_000008_NONE,NONE,inventory-service,python-simulator,36.5,1785923732.1924973,51,0.99,0.01,closed,0.3227,32.27,0.21,5.16,23.42,4.22,7.43,0.001,5.0,522.0,0.0004,0.0002,0.1757,0.2545,3,78.97,96.05,120.94,14,0.044,221.77,1,0.0078
live_ep_000008_NONE,NONE,inventory-service,python-simulator,37.0,1785923732.6925528,92,0.9603,0.0397,closed,0.3241,32.41,0.405,1.11,19.95,5.7,8.38,0.0044,9.51,539.8,0.0005,0.001,0.316,0.2958,1,86.28,90.74,95.89,1,0.0004,207.26,12,0.0016
live_ep_000008_NONE,NONE,inventory-service,python-simulator,37.5,1785923733.1934075,47,0.99,0.01,closed,0.2878,28.78,0.1861,7.28,17.15,10.24,10.32,0.0014,4.59,534.0,0.0101,0.0068,0.2005,0.2984,4,82.19,82.75,114.77,14,0.0335,197.71,6,0.0023
live_ep_000008_NONE,NONE,inventory-service,python-simulator,38.0,1785923733.693832,109,0.98,0.02,closed,0.3744,37.44,0.2915,6.22,19.12,5.45,5.05,0.0023,2.27,490.8,0.001,0.0004,0.2855,0.2733,0,74.5,100.67,120.67,19,0.0382,216.25,9,0.0039
live_ep_000008_NONE,NONE,inventory-service,python-simulator,38.5,1785923734.1941688,49,0.9234,0.0766,closed,0.3381,33.81,0.5043,7.86,43.16,4.28,9.52,0.0145,6.79,537.5,0.0069,0.0041,0.0873,0.3205,2,89.83,102.37,135.5,2,0.0022,229.41,6,0.0033
live_ep_000008_NONE,NONE,inventory-service,python-simulator,39.0,1785923734.694687,26,0.9166,0.0834,closed,0.3567,35.67,0.4301,5.1,17.55,2.83,6.12,0.0189,6.48,517.2,0.0073,0.0037,0.3249,0.2173,3,99.92,101.09,102.26,4,0.0009,166.22,8,0.0038
live_ep_000008_NONE,NONE,inventory-service,python-simulator,39.5,1785923735.1947691,113,0.9723,0.0277,closed,0.3474,34.74,0.2233,13.11,13.89,9.03,5.15,0.0106,25.33,518.4,0.0013,0.0021,0.395,0.2271,2,74.73,97.39,133.72,8,0.0179,188.9,11,0.0004
live_ep_000008_NONE,NONE,inventory-service,python-simulator,40.0,1785923735.6951923,64,0.9493,0.0507,closed,0.3709,37.09,0.4895,1.49,21.75,4.4,3.09,0.0049,2.29,520.7,0.0086,0.0002,0.2127,0.3182,0,81.29,89.66,119.11,11,0.0086,197.58,9,0.0031
live_ep_000008_NONE,NONE,inventory-service,python-simulator,40.5,1785923736.1955125,118,0.9726,0.0274,closed,0.2773,27.73,0.472,1.19,20.23,5.22,7.71,0.0063,3.94,536.9,0.0021,0.0022,0.3547,0.2537,4,89.82,102.76,130.34,16,0.0314,185.27,3,0.0063
live_ep_000008_NONE,NONE,inventory-service,python-simulator,41.0,1785923736.6956086,59,0.9121,0.0879,closed,0.3077,30.77,0.3505,3.9,15.71,4.81,7.78,0.0051,6.52,498.0,0.0015,0.0029,0.2668,0.2662,2,78.8,123.02,146.0,7,0.009,230.76,9,0.0059
live_ep_000008_NONE,NONE,inventory-service,python-simulator,41.5,1785923737.196997,79,0.88,0.12,closed,0.3755,37.55,0.4342,12.81,19.2,5.83,5.83,0.0048,6.95,501.2,0.0079,0.0073,0.1902,0.267,0,77.53,77.7,126.87,18,0.0127,212.0,11,0.0085
live_ep_000008_NONE,NONE,inventory-service,python-simulator,42.0,1785923737.6974587,105,0.88,0.12,closed,0.3735,37.35,0.4164,1.17,16.71,3.13,9.89,0.0077,8.77,502.2,0.0116,0.0006,0.2504,0.2108,4,110.42,107.15,96.21,15,0.0198,160.6,11,0.0028
live_ep_000008_NONE,NONE,inventory-service,python-simulator,42.5,1785923738.1976593,90,0.99,0.01,closed,0.2833,28.33,0.3643,0.5,25.87,3.56,5.13,0.007,22.96,550.9,0.0095,0.0031,0.3019,0.2955,3,95.64,101.06,132.03,2,0.0766,180.76,13,0.0035
live_ep_000008_NONE,NONE,inventory-service,python-simulator,43.0,1785923738.6979623,54,0.99,0.01,closed,0.3719,37.19,0.3119,0.5,17.89,6.7,6.16,0.0159,31.4,481.7,0.0065,0.0041,0.339,0.2681,2,85.29,112.11,117.14,13,0.0866,197.17,3,0.011
live_ep_000008_NONE,NONE,inventory-service,python-simulator,43.5,1785923739.1986337,82,0.88,0.12,closed,0.4271,42.71,0.4019,7.65,18.8,7.53,7.05,0.0061,2.0,523.2,0.0103,0.006,0.277,0.2738,4,98.55,113.33,117.05,10,0.0522,169.86,2,0.0004
live_ep_000008_NONE,NONE,inventory-service,python-simulator,44.0,1785923739.6992378,103,0.9743,0.0257,closed,0.3304,33.04,0.4207,3.2,10.71,3.76,5.95,0.0095,2.0,503.5,0.0033,0.0034,0.2576,0.2547,4,92.56,94.19,109.61,6,0.0102,190.54,12,0.0006
live_ep_000008_NONE,NONE,inventory-service,python-simulator,44.5,1785923740.1997583,37,0.9617,0.0383,closed,0.3806,38.06,0.306,4.23,28.79,2.87,6.45,0.0086,23.85,530.9,0.0,0.0119,0.2347,0.2621,2,85.99,111.26,123.25,14,0.0002,173.84,8,0.0149
live_ep_000008_NONE,NONE,inventory-service,python-simulator,45.0,1785923740.7000465,112,0.9323,0.0677,closed,0.297,29.7,0.4547,12.31,28.22,2.66,5.26,0.0084,35.22,525.6,0.0084,0.0062,0.3264,0.2357,3,104.16,111.59,137.3,13,0.0097,179.01,6,0.0093
live_ep_000008_NONE,NONE,inventory-service,python-simulator,45.5,1785923741.2006216,114,0.99,0.01,closed,0.315,31.5,0.2853,4.79,37.25,2.07,4.3,0.0036,2.0,509.4,0.0151,0.0117,0.1774,0.2433,2,77.4,111.9,116.53,6,0.1,178.55,6,0.0117
live_ep_000008_NONE,NONE,inventory-service,python-simulator,46.0,1785923741.7011468,93,0.99,0.01,closed,0.3173,31.73,0.343,0.62,29.97,5.48,10.11,0.0215,17.42,479.9,0.0013,0.0025,0.2921,0.2535,3,85.29,122.87,124.91,9,0.0512,192.02,3,0.0097
live_ep_000008_NONE,NONE,inventory-service,python-simulator,46.5,1785923742.2013032,81,0.9466,0.0534,closed,0.342,34.2,0.3487,14.33,23.77,4.1,6.38,0.0132,33.99,530.9,0.0076,0.0033,0.2384,0.2397,4,92.78,108.53,111.12,17,0.0405,215.42,12,0.0029
live_ep_000008_NONE,NONE,inventory-service,python-simulator,47.0,1785923742.7014852,117,0.9622,0.0378,closed,0.4506,45.06,0.3034,0.5,15.0,2.59,6.91,0.0026,14.36,496.7,0.0028,0.003,0.2348,0.2744,4,85.75,153.33,156.53,11,0.0387,206.71,12,0.0131
live_ep_000008_NONE,NONE,inventory-service,python-simulator,47.5,1785923743.2018,113,0.9707,0.0293,closed,0.2764,27.64,0.3466,0.5,27.63,4.34,4.79,0.0029,54.72,548.1,0.0218,0.0092,0.2187,0.279,1,82.58,100.16,138.48,11,0.0181,187.97,7,0.0001
live_ep_000008_NONE,NONE,inventory-service,python-simulator,48.0,1785923743.7023609,47,0.9419,0.0581,closed,0.3951,39.51,0.3908,9.22,41.03,3.32,5.59,0.0073,29.17,536.3,0.0051,0.0016,0.2583,0.2709,0,89.29,116.05,126.9,18,0.0336,174.04,2,0.0061
live_ep_000008_NONE,NONE,inventory-service,python-simulator,48.5,1785923744.2029004,86,0.99,0.01,closed,0.3736,37.36,0.3097,7.38,24.98,6.92,4.96,0.0233,8.8,534.7,0.0043,0.0019,0.2357,0.2408,2,78.83,110.15,110.23,12,0.0079,167.84,0,0.0007
live_ep_000008_NONE,NONE,inventory-service,python-simulator,49.0,1785923744.7030878,50,0.99,0.01,closed,0.2982,29.82,0.3839,1.8,18.38,2.52,3.19,0.0157,7.25,528.9,0.0058,0.0025,0.3224,0.2593,1,94.99,113.97,121.85,18,0.0444,173.95,8,0.0103
live_ep_000008_NONE,NONE,inventory-service,python-simulator,49.5,1785923745.2035515,20,0.9758,0.0242,closed,0.3789,37.89,0.4209,15.39,13.37,4.12,4.84,0.0038,4.33,509.5,0.0029,0.0003,0.284,0.2447,2,100.22,100.7,127.04,6,0.0713,184.02,4,0.0098
live_ep_000008_NONE,NONE,inventory-service,python-simulator,50.0,1785923745.7041514,28,0.9093,0.0907,closed,0.3445,34.45,0.2394,2.54,13.52,3.13,2.1,0.0078,3.76,512.0,0.0019,0.0056,0.1723,0.2276,3,76.24,131.56,131.79,13,0.0157,211.08,12,0.0003
live_ep_000008_NONE,NONE,inventory-service,python-simulator,50.5,1785923746.2046077,115,0.99,0.01,closed,0.3049,30.49,0.3378,3.64,20.52,4.04,4.76,0.0045,2.0,532.0,0.0014,0.0006,0.1987,0.2786,0,93.13,132.81,134.77,18,0.0117,185.1,12,0.0014
live_ep_000008_NONE,NONE,inventory-service,python-simulator,51.0,1785923746.7051556,64,0.88,0.12,closed,0.3815,38.15,0.2227,1.32,25.93,1.91,11.05,0.007,17.65,533.1,0.0129,0.0012,0.2967,0.2435,2,108.74,115.21,127.09,15,0.0139,207.69,11,0.0025
live_ep_000008_NONE,NONE,inventory-service,python-simulator,51.5,1785923747.205674,84,0.9612,0.0388,closed,0.3147,31.47,0.3032,1.79,15.68,4.41,4.95,0.0022,28.78,531.7,0.0019,0.0007,0.1912,0.261,3,87.62,122.49,125.92,17,0.0994,188.98,13,0.0011
live_ep_000008_NONE,NONE,inventory-service,python-simulator,52.0,1785923747.7058697,70,0.9265,0.0735,closed,0.2595,25.95,0.3471,15.39,12.06,5.94,2.59,0.0091,6.42,531.7,0.0062,0.0022,0.2223,0.2923,0,81.07,118.81,123.74,12,0.0884,169.56,11,0.0017
live_ep_000008_NONE,NONE,inventory-service,python-simulator,52.5,1785923748.2064412,94,0.99,0.01,closed,0.2906,29.06,0.3255,3.31,20.21,2.38,3.22,0.0087,50.2,484.9,0.0197,0.0062,0.2818,0.2691,4,100.66,105.01,107.69,2,0.0271,197.62,3,0.0027
live_ep_000008_NONE,NONE,inventory-service,python-simulator,53.0,1785923748.7067058,32,0.88,0.12,closed,0.3305,33.05,0.3887,0.8,18.93,3.88,9.34,0.0149,9.56,489.0,0.0076,0.0019,0.3115,0.1885,4,94.5,103.71,119.01,5,0.045,195.34,5,0.0
live_ep_000008_NONE,NONE,inventory-service,python-simulator,53.5,1785923749.2069716,43,0.8998,0.1002,closed,0.3348,33.48,0.3674,6.85,16.0,8.55,10.16,0.0225,16.07,533.4,0.0023,0.0016,0.2203,0.2541,3,95.9,99.34,101.97,15,0.0282,226.22,12,0.0077
live_ep_000008_NONE,NONE,inventory-service,python-simulator,54.0,1785923749.7305508,102,0.99,0.01,closed,0.3904,39.04,0.5063,1.37,18.59,2.46,11.99,0.0167,13.21,517.7,0.005,0.0002,0.3129,0.2883,1,102.54,121.78,150.68,6,0.0154,192.44,10,0.0026
live_ep_000008_NONE,NONE,inventory-service,python-simulator,54.5,1785923750.2311103,81,0.8889,0.1111,closed,0.4331,43.31,0.3923,2.5,18.95,4.32,8.03,0.0062,17.62,504.0,0.0046,0.0003,0.1425,0.2551,4,97.67,103.37,123.1,0,0.098,195.05,14,0.0153
live_ep_000008_NONE,NONE,inventory-service,python-simulator,55.0,1785923750.7315733,47,0.9653,0.0347,closed,0.379,37.9,0.1116,8.14,26.39,4.41,6.98,0.0068,35.42,523.4,0.0006,0.0059,0.3469,0.2389,1,100.25,104.79,128.05,14,0.0406,212.74,11,0.0082
live_ep_000008_NONE,NONE,inventory-service,python-simulator,55.5,1785923751.231906,113,0.88,0.12,closed,0.3255,32.55,0.1691,9.88,16.76,7.76,4.16,0.0044,2.0,485.6,0.0143,0.0014,0.2048,0.2161,0,100.54,110.9,123.45,5,0.0067,181.63,0,0.0041
live_ep_000008_NONE,NONE,inventory-service,python-simulator,56.0,1785923751.731965,112,0.9674,0.0326,closed,0.3028,30.28,0.4068,2.3,19.51,7.42,12.88,0.0043,60.0,513.4,0.009,0.0001,0.2764,0.3099,1,88.88,119.54,127.21,4,0.08,175.76,13,0.0037
live_ep_000008_NONE,NONE,inventory-service,python-simulator,56.5,1785923752.2324996,23,0.99,0.01,closed,0.3133,31.33,0.4441,4.13,21.19,3.72,6.92,0.0041,3.82,495.9,0.002,0.0006,0.2659,0.2454,3,77.41,78.35,112.12,11,0.0056,214.81,0,0.0048
live_ep_000008_NONE,NONE,inventory-service,python-simulator,57.0,1785923752.733032,91,0.988,0.012,closed,0.3508,35.08,0.5469,0.78,21.99,6.85,8.89,0.0118,24.82,474.9,0.0017,0.0006,0.259,0.285,3,103.46,98.57,98.27,4,0.0036,146.93,12,0.0247
live_ep_000008_NONE,NONE,inventory-service,python-simulator,57.5,1785923753.2331116,118,0.9737,0.0263,closed,0.3526,35.26,0.3202,0.85,28.55,3.24,10.2,0.0087,18.32,516.6,0.0008,0.0046,0.2886,0.3097,0,79.99,109.26,114.34,0,0.0072,176.57,3,0.0023
live_ep_000008_NONE,NONE,inventory-service,python-simulator,58.0,1785923753.7334874,105,0.9744,0.0256,closed,0.3112,31.12,0.3722,2.32,23.89,2.04,5.95,0.0084,9.28,492.7,0.0004,0.0027,0.2969,0.2111,0,97.22,110.94,121.42,13,0.0012,222.45,0,0.0006
live_ep_000008_NONE,NONE,inventory-service,python-simulator,58.5,1785923754.2346373,73,0.9893,0.0107,closed,0.375,37.5,0.2667,5.18,25.01,3.18,4.16,0.0045,29.42,532.7,0.0035,0.0017,0.2432,0.2408,0,94.74,109.11,126.89,13,0.0664,201.1,13,0.0182
live_ep_000008_NONE,NONE,inventory-service,python-simulator,59.0,1785923754.7351534,39,0.9389,0.0611,closed,0.369,36.9,0.353,7.99,24.22,3.92,7.63,0.0123,2.0,545.7,0.004,0.0005,0.4084,0.2238,2,95.37,136.06,137.44,19,0.0099,210.8,5,0.0035
live_ep_000008_NONE,NONE,inventory-service,python-simulator,59.5,1785923755.2354906,75,0.977,0.023,closed,0.3525,35.25,0.4461,4.96,19.21,6.21,4.03,0.0024,4.73,518.6,0.0005,0.0013,0.2209,0.2364,0,95.8,97.26,110.08,17,0.1,183.11,2,0.0011
