episode_id,failure_mode,service,elapsed_s,timestamp,span_id,parent_span_id,span_name,db_operation_type,span_duration_ms,span_status,peer_service,service_version,trace_id
live_ep_000000_NONE,NONE,auth-service,0.0,1785908061.2475853,f27fb0d3bff8449e985e9efa0ca5a936,,PUT /api/inventory,,153.93,OK,auth-service,v1.1.0,101e14f44ce042a9a4085b197e4360ad
live_ep_000000_NONE,NONE,auth-service,0.0,1785908061.2475853,d841f20c503d465dad5f4af54ffda1c3,f27fb0d3bff8449e985e9efa0ca5a936,db.query.select,READ,21.36,OK,user-db,v1.1.0,101e14f44ce042a9a4085b197e4360ad
live_ep_000000_NONE,NONE,auth-service,0.0,1785908061.2475853,5778b48c8f434e37be9a8d9410e52ee3,f27fb0d3bff8449e985e9efa0ca5a936,cache.get,,1.85,OK,cache-cluster,v1.1.0,101e14f44ce042a9a4085b197e4360ad
live_ep_000000_NONE,NONE,auth-service,0.5,1785908061.7476807,48cf3287187a46e5adf93654f19f9d65,,GET /api/auth,,120.64,OK,auth-service,v1.1.0,d62d55d078154ef3aed7edcee9963cc0
live_ep_000000_NONE,NONE,auth-service,0.5,1785908061.7476807,c8c158a26eb44dcda53096a99cb52e5d,48cf3287187a46e5adf93654f19f9d65,db.query.insert,WRITE,19.66,OK,user-db,v1.1.0,d62d55d078154ef3aed7edcee9963cc0
live_ep_000000_NONE,NONE,auth-service,0.5,1785908061.7476807,e883d8089942423c93046cd2ef5f9a1b,48cf3287187a46e5adf93654f19f9d65,db.query.delete,READ,30.12,OK,user-db,v1.1.0,d62d55d078154ef3aed7edcee9963cc0
live_ep_000000_NONE,NONE,auth-service,0.5,1785908061.7476807,588947f104e8416aac836f17f860ea54,48cf3287187a46e5adf93654f19f9d65,cache.get,,1.33,OK,cache-cluster,v1.1.0,d62d55d078154ef3aed7edcee9963cc0
live_ep_000000_NONE,NONE,auth-service,0.5,1785908061.7476807,2949b9d56fa342438bc9a32c6a384d1e,48cf3287187a46e5adf93654f19f9d65,http.client.get,,13.19,OK,payment-gateway,v1.1.0,d62d55d078154ef3aed7edcee9963cc0
live_ep_000000_NONE,NONE,auth-service,1.0,1785908062.248154,8c59056b439b42fdb90246a506e039db,,GET /api/health,,120.56,OK,auth-service,v1.1.0,dd74c3e6c2454aa882d04a6be1268c67
live_ep_000000_NONE,NONE,auth-service,1.0,1785908062.248154,dbb04136d1844dd8af7378b259abb0bc,8c59056b439b42fdb90246a506e039db,db.query.insert,READ,15.01,OK,user-db,v1.1.0,dd74c3e6c2454aa882d04a6be1268c67
live_ep_000000_NONE,NONE,auth-service,1.0,1785908062.248154,612aa137d78d4761b8f1d9e92bebd068,8c59056b439b42fdb90246a506e039db,cache.set,,1.91,OK,cache-cluster,v1.1.0,dd74c3e6c2454aa882d04a6be1268c67
live_ep_000000_NONE,NONE,auth-service,1.5,1785908062.7482853,17835efcfde64f088f48f9961fe9bdd4,,PUT /api/inventory,,97.86,OK,auth-service,v1.1.0,a68202d114e74a8b90a3ee8a71945f21
live_ep_000000_NONE,NONE,auth-service,1.5,1785908062.7482853,dbcdef08f2474f24ad866490213358cb,17835efcfde64f088f48f9961fe9bdd4,db.query.delete,READ,23.74,OK,user-db,v1.1.0,a68202d114e74a8b90a3ee8a71945f21
live_ep_000000_NONE,NONE,auth-service,1.5,1785908062.7482853,3ae36ca8c7854cab90a85b11482de856,17835efcfde64f088f48f9961fe9bdd4,db.query.insert,WRITE,19.75,OK,user-db,v1.1.0,a68202d114e74a8b90a3ee8a71945f21
live_ep_000000_NONE,NONE,auth-service,1.5,1785908062.7482853,a93f20124cf846b1a21c901b0e1ebbef,17835efcfde64f088f48f9961fe9bdd4,cache.set,,1.02,OK,cache-cluster,v1.1.0,a68202d114e74a8b90a3ee8a71945f21
live_ep_000000_NONE,NONE,auth-service,1.5,1785908062.7482853,1630bb121f1f4460be6f26bd4ee941ab,17835efcfde64f088f48f9961fe9bdd4,http.client.get,,17.62,OK,inventory-api,v1.1.0,a68202d114e74a8b90a3ee8a71945f21
live_ep_000000_NONE,NONE,auth-service,2.0,1785908063.2487621,856577947fac43a9aca3da0f4a0d0a3f,,GET /api/order,,116.72,OK,auth-service,v1.1.0,fd143e6890ea438dbb57c21192e57d52
live_ep_000000_NONE,NONE,auth-service,2.0,1785908063.2487621,6a82971e0feb400f829bb611e8153d9b,856577947fac43a9aca3da0f4a0d0a3f,db.query.update,READ,26.23,OK,user-db,v1.1.0,fd143e6890ea438dbb57c21192e57d52
live_ep_000000_NONE,NONE,auth-service,2.5,1785908063.7491646,18a3d9c2503a40a3a4254d1efa32b6e5,,PUT /api/inventory,,132.77,OK,auth-service,v1.1.0,770bad11f29241db87ee0f9a4c78248d
live_ep_000000_NONE,NONE,auth-service,2.5,1785908063.7491646,e08e36032cd34a9ab9c4bb991eed859f,18a3d9c2503a40a3a4254d1efa32b6e5,db.transaction,WRITE,19.68,OK,user-db,v1.1.0,770bad11f29241db87ee0f9a4c78248d
live_ep_000000_NONE,NONE,auth-service,2.5,1785908063.7491646,66897405775646b59c285c2f1892d60c,18a3d9c2503a40a3a4254d1efa32b6e5,db.transaction,WRITE,18.91,OK,user-db,v1.1.0,770bad11f29241db87ee0f9a4c78248d
live_ep_000000_NONE,NONE,auth-service,2.5,1785908063.7491646,baf2488564fc4d5087fc98d47fbae649,18a3d9c2503a40a3a4254d1efa32b6e5,cache.set,,1.87,OK,cache-cluster,v1.1.0,770bad11f29241db87ee0f9a4c78248d
live_ep_000000_NONE,NONE,auth-service,2.5,1785908063.7491646,89c7f0c1f6454cb49db5660c784b135e,18a3d9c2503a40a3a4254d1efa32b6e5,http.client.get,,31.27,OK,payment-gateway,v1.1.0,770bad11f29241db87ee0f9a4c78248d
live_ep_000000_NONE,NONE,auth-service,3.0,1785908064.2501402,623c1a13e8e347428bd227afde9d15f6,,POST /api/payment,,112.81,OK,auth-service,v1.1.0,0e42c52385744a08b3dc48860f1260bd
live_ep_000000_NONE,NONE,auth-service,3.0,1785908064.2501402,f9e54276ce7e4bdb8a624476eeb9b932,623c1a13e8e347428bd227afde9d15f6,db.query.delete,WRITE,18.62,OK,user-db,v1.1.0,0e42c52385744a08b3dc48860f1260bd
live_ep_000000_NONE,NONE,auth-service,3.0,1785908064.2501402,badcfaee34764436ad8c61506f61eadc,623c1a13e8e347428bd227afde9d15f6,cache.get,,1.35,OK,cache-cluster,v1.1.0,0e42c52385744a08b3dc48860f1260bd
live_ep_000000_NONE,NONE,auth-service,3.5,1785908064.750282,077e860c7c574ea5a1eb25ef73e14685,,GET /api/auth,,114.79,OK,auth-service,v1.1.0,3f7a20bf7bbd47f3b3535bfe094b0222
live_ep_000000_NONE,NONE,auth-service,3.5,1785908064.750282,079a7e5a52da4e039f2f02ac58959d74,077e860c7c574ea5a1eb25ef73e14685,db.query.update,READ,29.93,OK,user-db,v1.1.0,3f7a20bf7bbd47f3b3535bfe094b0222
live_ep_000000_NONE,NONE,auth-service,3.5,1785908064.750282,649ea2b99eac4835b9e35f62f21e2c62,077e860c7c574ea5a1eb25ef73e14685,cache.delete,,2.04,OK,cache-cluster,v1.1.0,3f7a20bf7bbd47f3b3535bfe094b0222
live_ep_000000_NONE,NONE,auth-service,4.0,1785908065.2507272,42edb67eb36d4800bbc3cb7a228fb5b4,,PUT /api/inventory,,124.8,OK,auth-service,v1.1.0,5c7d81180bc148f1a0cba66d7a2cbe49
live_ep_000000_NONE,NONE,auth-service,4.0,1785908065.2507272,86cda6c49a724a97b89e275935b73771,42edb67eb36d4800bbc3cb7a228fb5b4,db.query.delete,READ,26.19,OK,user-db,v1.1.0,5c7d81180bc148f1a0cba66d7a2cbe49
live_ep_000000_NONE,NONE,auth-service,4.0,1785908065.2507272,b0a47c4a86394100b771ca9012e39b9e,42edb67eb36d4800bbc3cb7a228fb5b4,db.query.select,WRITE,20.85,OK,user-db,v1.1.0,5c7d81180bc148f1a0cba66d7a2cbe49
live_ep_000000_NONE,NONE,auth-service,4.5,1785908065.750817,f9fb4bd9803f4927b957fd1e1b16763c,,GET /api/health,,113.21,OK,auth-service,v1.1.0,1bcf645b0df04956b19e529ba71c8ac3
live_ep_000000_NONE,NONE,auth-service,4.5,1785908065.750817,04709a38095e44d082ea9ff384212d7b,f9fb4bd9803f4927b957fd1e1b16763c,db.query.insert,READ,12.62,OK,user-db,v1.1.0,1bcf645b0df04956b19e529ba71c8ac3
live_ep_000000_NONE,NONE,auth-service,4.5,1785908065.750817,e75dd9f469e74cd3b4049979a2fab837,f9fb4bd9803f4927b957fd1e1b16763c,db.transaction,WRITE,25.26,OK,user-db,v1.1.0,1bcf645b0df04956b19e529ba71c8ac3
live_ep_000000_NONE,NONE,auth-service,4.5,1785908065.750817,c4558648541f4d7d850275ba72c820a6,f9fb4bd9803f4927b957fd1e1b16763c,cache.delete,,1.29,OK,cache-cluster,v1.1.0,1bcf645b0df04956b19e529ba71c8ac3
live_ep_000000_NONE,NONE,auth-service,5.0,1785908066.2510648,9cbae6aec9054c0d9c40e43e8acf331f,,GET /api/auth,,119.74,OK,auth-service,v1.1.0,ba8c2db8344e4a6d9e285d2f10383272
live_ep_000000_NONE,NONE,auth-service,5.0,1785908066.2510648,0684b38ce3794be0951e4c1acab1a216,9cbae6aec9054c0d9c40e43e8acf331f,db.query.update,READ,24.01,OK,user-db,v1.1.0,ba8c2db8344e4a6d9e285d2f10383272
live_ep_000000_NONE,NONE,auth-service,5.0,1785908066.2510648,e14ed65634c44653b98ff463a102e5b3,9cbae6aec9054c0d9c40e43e8acf331f,db.transaction,READ,17.7,OK,user-db,v1.1.0,ba8c2db8344e4a6d9e285d2f10383272
live_ep_000000_NONE,NONE,auth-service,5.0,1785908066.2510648,8b191b4d269e4ff7bd31131b930dd0cb,9cbae6aec9054c0d9c40e43e8acf331f,cache.get,,2.52,OK,cache-cluster,v1.1.0,ba8c2db8344e4a6d9e285d2f10383272
live_ep_000000_NONE,NONE,auth-service,5.0,1785908066.2510648,7c714995946143bd9ee7f2a49a460ae2,9cbae6aec9054c0d9c40e43e8acf331f,grpc.call,,19.16,OK,user-db,v1.1.0,ba8c2db8344e4a6d9e285d2f10383272
live_ep_000000_NONE,NONE,auth-service,5.5,1785908066.7513566,50bfd731e7f544cd88a447b91f263f83,,GET /api/auth,,135.77,OK,auth-service,v1.1.0,b389edd2f3bc436c80f57356d861de09
live_ep_000000_NONE,NONE,auth-service,5.5,1785908066.7513566,4d22b0f0adb24c40a1eb8d93f64dc531,50bfd731e7f544cd88a447b91f263f83,db.query.select,WRITE,28.45,OK,user-db,v1.1.0,b389edd2f3bc436c80f57356d861de09
live_ep_000000_NONE,NONE,auth-service,5.5,1785908066.7513566,376364b451dd4ecabe34891e864a09c4,50bfd731e7f544cd88a447b91f263f83,db.query.delete,READ,21.23,OK,user-db,v1.1.0,b389edd2f3bc436c80f57356d861de09
live_ep_000000_NONE,NONE,auth-service,5.5,1785908066.7513566,c979ccfc7e6e4c158f48cf3d91a26045,50bfd731e7f544cd88a447b91f263f83,cache.set,,2.99,OK,cache-cluster,v1.1.0,b389edd2f3bc436c80f57356d861de09
live_ep_000000_NONE,NONE,auth-service,5.5,1785908066.7513566,74e0cfa61d494478bdd42604eb230019,50bfd731e7f544cd88a447b91f263f83,http.client.get,,35.42,OK,inventory-api,v1.1.0,b389edd2f3bc436c80f57356d861de09
live_ep_000000_NONE,NONE,auth-service,6.0,1785908067.2518687,e689ea46d9cf474882dbfca7ca114621,,GET /api/order,,141.5,OK,auth-service,v1.1.0,26899b5e098548b5b9219b9d27ca95f7
live_ep_000000_NONE,NONE,auth-service,6.0,1785908067.2518687,f016f20b7c684009b5bd543b755c2c88,e689ea46d9cf474882dbfca7ca114621,db.query.update,READ,19.96,OK,user-db,v1.1.0,26899b5e098548b5b9219b9d27ca95f7
live_ep_000000_NONE,NONE,auth-service,6.0,1785908067.2518687,f10bafd09c0a44bd8f3853c3d94a67b6,e689ea46d9cf474882dbfca7ca114621,db.query.insert,READ,40.1,OK,user-db,v1.1.0,26899b5e098548b5b9219b9d27ca95f7
live_ep_000000_NONE,NONE,auth-service,6.0,1785908067.2518687,032698806fd84e318cb3c1325c5f8a39,e689ea46d9cf474882dbfca7ca114621,cache.get,,2.65,OK,cache-cluster,v1.1.0,26899b5e098548b5b9219b9d27ca95f7
live_ep_000000_NONE,NONE,auth-service,6.5,1785908067.7521603,71429af098494f9288028ccce3f8f543,,GET /api/health,,137.1,OK,auth-service,v1.1.0,710f55fc54954eb48c740d31284e239b
live_ep_000000_NONE,NONE,auth-service,6.5,1785908067.7521603,c67cd88c629e48fb9217fcd024ddb9bf,71429af098494f9288028ccce3f8f543,db.query.select,READ,13.53,OK,user-db,v1.1.0,710f55fc54954eb48c740d31284e239b
live_ep_000000_NONE,NONE,auth-service,6.5,1785908067.7521603,b6b48562a8ae4144b05d0156a19c8ad0,71429af098494f9288028ccce3f8f543,db.query.delete,WRITE,18.26,OK,user-db,v1.1.0,710f55fc54954eb48c740d31284e239b
live_ep_000000_NONE,NONE,auth-service,6.5,1785908067.7521603,23c59d01663d4175ac5e2daa09420b12,71429af098494f9288028ccce3f8f543,cache.set,,2.44,OK,cache-cluster,v1.1.0,710f55fc54954eb48c740d31284e239b
live_ep_000000_NONE,NONE,auth-service,6.5,1785908067.7521603,fef0473b485e4dab972e3d946c5be336,71429af098494f9288028ccce3f8f543,http.client.get,,33.51,OK,payment-gateway,v1.1.0,710f55fc54954eb48c740d31284e239b
live_ep_000000_NONE,NONE,auth-service,7.0,1785908068.2527604,16ddee123df741f583817b37f181c949,,GET /api/health,,114.55,OK,auth-service,v1.1.0,f43567f1df9c4735be937e8b4bac3a66
live_ep_000000_NONE,NONE,auth-service,7.0,1785908068.2527604,f5e88cafabc241c5852ba68b618e164b,16ddee123df741f583817b37f181c949,db.transaction,WRITE,19.9,OK,user-db,v1.1.0,f43567f1df9c4735be937e8b4bac3a66
live_ep_000000_NONE,NONE,auth-service,7.0,1785908068.2527604,9a1c4ac131354f25920ee73796f6b8e8,16ddee123df741f583817b37f181c949,db.transaction,READ,19.75,OK,user-db,v1.1.0,f43567f1df9c4735be937e8b4bac3a66
live_ep_000000_NONE,NONE,auth-service,7.0,1785908068.2527604,54f437f2c5224dd18f28ace8440731b1,16ddee123df741f583817b37f181c949,http.client.post,,20.37,OK,payment-gateway,v1.1.0,f43567f1df9c4735be937e8b4bac3a66
live_ep_000000_NONE,NONE,auth-service,7.5,1785908068.7531805,44b2d46328d7484084751f652e82c338,,GET /api/health,,100.81,OK,auth-service,v1.1.0,f5f7cf31559047ba951e783b56fa3e89
live_ep_000000_NONE,NONE,auth-service,7.5,1785908068.7531805,ed7fb041f73e4458979e58c19824537c,44b2d46328d7484084751f652e82c338,db.query.insert,WRITE,23.05,OK,user-db,v1.1.0,f5f7cf31559047ba951e783b56fa3e89
live_ep_000000_NONE,NONE,auth-service,8.0,1785908069.2537801,dff2ed6a3e6f403abf6347ccfdec0da0,,GET /api/health,,155.34,OK,auth-service,v1.1.0,df9bbb3669bb40fd88356c9c10f87e67
live_ep_000000_NONE,NONE,auth-service,8.0,1785908069.2537801,ed364b1db2e345f49d16890f671665db,dff2ed6a3e6f403abf6347ccfdec0da0,db.query.insert,READ,11.12,OK,user-db,v1.1.0,df9bbb3669bb40fd88356c9c10f87e67
live_ep_000000_NONE,NONE,auth-service,8.0,1785908069.2537801,1a4b7c6d7d934116b84da2b0889a6ba2,dff2ed6a3e6f403abf6347ccfdec0da0,db.query.update,READ,13.47,OK,user-db,v1.1.0,df9bbb3669bb40fd88356c9c10f87e67
live_ep_000000_NONE,NONE,auth-service,8.0,1785908069.2537801,dce38e91e796424ea16e9734467ccbf8,dff2ed6a3e6f403abf6347ccfdec0da0,cache.delete,,3.02,OK,cache-cluster,v1.1.0,df9bbb3669bb40fd88356c9c10f87e67
live_ep_000000_NONE,NONE,auth-service,8.0,1785908069.2537801,c543d2c628ba4f19ae4691f5788ca92a,dff2ed6a3e6f403abf6347ccfdec0da0,http.client.get,,26.85,OK,user-db,v1.1.0,df9bbb3669bb40fd88356c9c10f87e67
live_ep_000000_NONE,NONE,auth-service,8.5,1785908069.7542963,efc22a2ff7f940138802e8c979363a84,,POST /api/checkout,,130.58,OK,auth-service,v1.1.0,a13b33a3d1014082a19dad40a9de3e08
live_ep_000000_NONE,NONE,auth-service,8.5,1785908069.7542963,3f25c4aa2ab34cf48bed1b6ab6961078,efc22a2ff7f940138802e8c979363a84,db.query.select,READ,28.89,OK,user-db,v1.1.0,a13b33a3d1014082a19dad40a9de3e08
live_ep_000000_NONE,NONE,auth-service,8.5,1785908069.7542963,e445532788724767bf4f7d09723db3e9,efc22a2ff7f940138802e8c979363a84,cache.get,,2.07,OK,cache-cluster,v1.1.0,a13b33a3d1014082a19dad40a9de3e08
live_ep_000000_NONE,NONE,auth-service,8.5,1785908069.7542963,18be38f989974257b7303bf0a89362d4,efc22a2ff7f940138802e8c979363a84,grpc.call,,37.82,OK,user-db,v1.1.0,a13b33a3d1014082a19dad40a9de3e08
live_ep_000000_NONE,NONE,auth-service,9.0,1785908070.2546546,0957e156895d403d88f4334abfd60602,,PUT /api/inventory,,139.6,OK,auth-service,v1.1.0,3e19b0553b2748cba2492e4d681670f5
live_ep_000000_NONE,NONE,auth-service,9.0,1785908070.2546546,4164b58e92ee4426b6dcabaf76b83d32,0957e156895d403d88f4334abfd60602,db.transaction,READ,27.53,OK,user-db,v1.1.0,3e19b0553b2748cba2492e4d681670f5
live_ep_000000_NONE,NONE,auth-service,9.0,1785908070.2546546,8271f187eff34c9e988bd2b0c204ffb0,0957e156895d403d88f4334abfd60602,db.query.insert,WRITE,33.84,OK,user-db,v1.1.0,3e19b0553b2748cba2492e4d681670f5
live_ep_000000_NONE,NONE,auth-service,9.0,1785908070.2546546,7e039b5971374f7f9041afe1f4b32308,0957e156895d403d88f4334abfd60602,cache.delete,,54.53,OK,cache-cluster,v1.1.0,3e19b0553b2748cba2492e4d681670f5
live_ep_000000_NONE,NONE,auth-service,9.5,1785908070.7551422,40cc600b8a344890878d2f633752f8f4,,GET /api/auth,,103.53,OK,auth-service,v1.1.0,914f1425b5ba402484ead39eb5838562
live_ep_000000_NONE,NONE,auth-service,9.5,1785908070.7551422,f4f5fd79aec049039d5817bf2cf408da,40cc600b8a344890878d2f633752f8f4,db.query.insert,READ,4.89,OK,user-db,v1.1.0,914f1425b5ba402484ead39eb5838562
live_ep_000000_NONE,NONE,auth-service,9.5,1785908070.7551422,706d612aa43940a6b8158858653558c3,40cc600b8a344890878d2f633752f8f4,cache.set,,1.71,OK,cache-cluster,v1.1.0,914f1425b5ba402484ead39eb5838562
live_ep_000000_NONE,NONE,auth-service,10.0,1785908071.2555761,fb042d13afc24ddaa847e331f669c9fc,,POST /api/checkout,,109.41,OK,auth-service,v1.1.0,8116342f74624db99d27121fb232e67a
live_ep_000000_NONE,NONE,auth-service,10.0,1785908071.2555761,78a6f4fe92764ff1b96e9bf50abf1d91,fb042d13afc24ddaa847e331f669c9fc,db.transaction,READ,28.34,OK,user-db,v1.1.0,8116342f74624db99d27121fb232e67a
live_ep_000000_NONE,NONE,auth-service,10.0,1785908071.2555761,41332b57d6214c499bd601d09f33b809,fb042d13afc24ddaa847e331f669c9fc,cache.delete,,1.53,OK,cache-cluster,v1.1.0,8116342f74624db99d27121fb232e67a
live_ep_000000_NONE,NONE,auth-service,10.0,1785908071.2555761,212802b382d845f5aa73809dfb390aa3,fb042d13afc24ddaa847e331f669c9fc,grpc.call,,39.53,OK,user-db,v1.1.0,8116342f74624db99d27121fb232e67a
live_ep_000000_NONE,NONE,auth-service,10.5,1785908071.7557352,e6635075eb8848eabd0151dab309a87a,,GET /api/order,,94.01,OK,auth-service,v1.1.0,e56c32f296034989b53dece3c29fb4ad
live_ep_000000_NONE,NONE,auth-service,10.5,1785908071.7557352,a8ce0254d8c442f78f3177f3cac0c8d9,e6635075eb8848eabd0151dab309a87a,db.transaction,WRITE,18.7,OK,user-db,v1.1.0,e56c32f296034989b53dece3c29fb4ad
live_ep_000000_NONE,NONE,auth-service,10.5,1785908071.7557352,f5eb77ee267d4af183aa6bc68806422d,e6635075eb8848eabd0151dab309a87a,db.query.update,READ,14.8,OK,user-db,v1.1.0,e56c32f296034989b53dece3c29fb4ad
live_ep_000000_NONE,NONE,auth-service,11.0,1785908072.2559826,80befc828a4a4fd7977e056c1e055a6c,,GET /api/health,,138.53,OK,auth-service,v1.1.0,1c3a4c30d15f49e9b8107d8e0a5cfd6f
live_ep_000000_NONE,NONE,auth-service,11.0,1785908072.2559826,d39333571ec745f893ec86f36a9fe11b,80befc828a4a4fd7977e056c1e055a6c,db.query.update,READ,17.05,OK,user-db,v1.1.0,1c3a4c30d15f49e9b8107d8e0a5cfd6f
live_ep_000000_NONE,NONE,auth-service,11.0,1785908072.2559826,c1f2e36951524b4caead2021cc6b5f4b,80befc828a4a4fd7977e056c1e055a6c,cache.delete,,2.42,OK,cache-cluster,v1.1.0,1c3a4c30d15f49e9b8107d8e0a5cfd6f
live_ep_000000_NONE,NONE,auth-service,11.0,1785908072.2559826,389b0a3e9c2f4bd29d188ce98618400a,80befc828a4a4fd7977e056c1e055a6c,http.client.post,,13.82,OK,payment-gateway,v1.1.0,1c3a4c30d15f49e9b8107d8e0a5cfd6f
live_ep_000000_NONE,NONE,auth-service,11.5,1785908072.7565458,3241b80d345f4aa193810238f93d5d18,,POST /api/payment,,132.37,OK,auth-service,v1.1.0,a7d1e6ef2c4e4b37953f4196aeada492
live_ep_000000_NONE,NONE,auth-service,11.5,1785908072.7565458,896bd5942d544b3eb3670169bea3190c,3241b80d345f4aa193810238f93d5d18,db.transaction,READ,32.02,OK,user-db,v1.1.0,a7d1e6ef2c4e4b37953f4196aeada492
live_ep_000000_NONE,NONE,auth-service,11.5,1785908072.7565458,633dcaf7ff0a4e34a24ca213a3887821,3241b80d345f4aa193810238f93d5d18,db.query.insert,WRITE,29.81,OK,user-db,v1.1.0,a7d1e6ef2c4e4b37953f4196aeada492
live_ep_000000_NONE,NONE,auth-service,11.5,1785908072.7565458,c2b4e5ca10a046da801029ce5b9ccf00,3241b80d345f4aa193810238f93d5d18,http.client.get,,34.79,OK,inventory-api,v1.1.0,a7d1e6ef2c4e4b37953f4196aeada492
live_ep_000000_NONE,NONE,auth-service,12.0,1785908073.2566302,f92b8533888a456583930268dfb09dae,,GET /api/order,,148.81,OK,auth-service,v1.1.0,eef4872097b14b89a13dd950c163771b
live_ep_000000_NONE,NONE,auth-service,12.0,1785908073.2566302,f0084ae7a7b542389aa77de97c58248b,f92b8533888a456583930268dfb09dae,db.query.insert,READ,37.0,OK,user-db,v1.1.0,eef4872097b14b89a13dd950c163771b
live_ep_000000_NONE,NONE,auth-service,12.0,1785908073.2566302,054cef95212f4af9bf1f9bd4eaf95a8b,f92b8533888a456583930268dfb09dae,db.query.select,READ,26.03,OK,user-db,v1.1.0,eef4872097b14b89a13dd950c163771b
live_ep_000000_NONE,NONE,auth-service,12.0,1785908073.2566302,77fabe49ff9341a59fe1f6baa88e35ac,f92b8533888a456583930268dfb09dae,cache.set,,2.36,OK,cache-cluster,v1.1.0,eef4872097b14b89a13dd950c163771b
live_ep_000000_NONE,NONE,auth-service,12.5,1785908073.7568357,f93b8e16798744329865515dd98caf6e,,GET /api/order,,116.96,OK,auth-service,v1.1.0,08bccb320471460e838bd5164371915e
live_ep_000000_NONE,NONE,auth-service,12.5,1785908073.7568357,0600f289469b40b09642ef579a8c09f2,f93b8e16798744329865515dd98caf6e,db.query.select,WRITE,24.77,OK,user-db,v1.1.0,08bccb320471460e838bd5164371915e
live_ep_000000_NONE,NONE,auth-service,12.5,1785908073.7568357,2cd8129d157f43ada4a4ebb3b0e5178a,f93b8e16798744329865515dd98caf6e,db.query.select,WRITE,16.27,OK,user-db,v1.1.0,08bccb320471460e838bd5164371915e
live_ep_000000_NONE,NONE,auth-service,12.5,1785908073.7568357,900250d3a19a4cc1b6ff9b229520aada,f93b8e16798744329865515dd98caf6e,cache.get,,1.45,OK,cache-cluster,v1.1.0,08bccb320471460e838bd5164371915e
live_ep_000000_NONE,NONE,auth-service,12.5,1785908073.7568357,d3c79c4941ae4ed589367eea96f8e876,f93b8e16798744329865515dd98caf6e,http.client.post,,50.56,OK,inventory-api,v1.1.0,08bccb320471460e838bd5164371915e
live_ep_000000_NONE,NONE,auth-service,13.0,1785908074.2571328,73c7119347db42cdade4d8f9d0a46626,,GET /api/auth,,104.39,OK,auth-service,v1.1.0,f2d52723c8634ea8bbef234f6a7e1091
live_ep_000000_NONE,NONE,auth-service,13.0,1785908074.2571328,9162dcf9adc44d4eafd5777533e66d85,73c7119347db42cdade4d8f9d0a46626,db.query.delete,WRITE,12.78,OK,user-db,v1.1.0,f2d52723c8634ea8bbef234f6a7e1091
live_ep_000000_NONE,NONE,auth-service,13.0,1785908074.2571328,193214f1c04842b49712d2794e0b84ea,73c7119347db42cdade4d8f9d0a46626,db.query.select,WRITE,16.74,OK,user-db,v1.1.0,f2d52723c8634ea8bbef234f6a7e1091
live_ep_000000_NONE,NONE,auth-service,13.0,1785908074.2571328,8c59d90791da44f89e401641c7caff3d,73c7119347db42cdade4d8f9d0a46626,cache.set,,3.1,OK,cache-cluster,v1.1.0,f2d52723c8634ea8bbef234f6a7e1091
live_ep_000000_NONE,NONE,auth-service,13.5,1785908074.7576554,ded401dd6922418187636d99672594c0,,POST /api/checkout,,122.31,OK,auth-service,v1.1.0,e886d5cbead44b51965e600754ca945e
live_ep_000000_NONE,NONE,auth-service,13.5,1785908074.7576554,5fa4063297a34ac396388e9a309dea45,ded401dd6922418187636d99672594c0,db.query.delete,READ,16.45,OK,user-db,v1.1.0,e886d5cbead44b51965e600754ca945e
live_ep_000000_NONE,NONE,auth-service,13.5,1785908074.7576554,da4e4a9402784a289abd99d62aa6df1a,ded401dd6922418187636d99672594c0,http.client.post,,22.67,OK,payment-gateway,v1.1.0,e886d5cbead44b51965e600754ca945e
live_ep_000000_NONE,NONE,auth-service,14.0,1785908075.258158,3ba0a62673d1485eb65568bb62035bab,,POST /api/payment,,134.71,OK,auth-service,v1.1.0,42061ef9a4a84b1fb5ed96a8763190f2
live_ep_000000_NONE,NONE,auth-service,14.0,1785908075.258158,9fd43618d3e74898a239be8a35c3ba84,3ba0a62673d1485eb65568bb62035bab,db.query.update,READ,39.03,OK,user-db,v1.1.0,42061ef9a4a84b1fb5ed96a8763190f2
live_ep_000000_NONE,NONE,auth-service,14.0,1785908075.258158,6af724fac26b41b09fa3846702dc683d,3ba0a62673d1485eb65568bb62035bab,cache.delete,,1.31,OK,cache-cluster,v1.1.0,42061ef9a4a84b1fb5ed96a8763190f2
live_ep_000000_NONE,NONE,auth-service,14.5,1785908075.7584138,40f3cbba790a4958a94533361309a4d2,,GET /api/order,,119.91,OK,auth-service,v1.1.0,d0e900d09a8149099cd4ec63ddc8b9e8
live_ep_000000_NONE,NONE,auth-service,14.5,1785908075.7584138,24e10b09aba94d40927441499b4241fa,40f3cbba790a4958a94533361309a4d2,db.transaction,WRITE,11.44,OK,user-db,v1.1.0,d0e900d09a8149099cd4ec63ddc8b9e8
live_ep_000000_NONE,NONE,auth-service,14.5,1785908075.7584138,ae8784a7724a4cbcbbfbc1ca31f8b822,40f3cbba790a4958a94533361309a4d2,db.query.select,READ,14.09,OK,user-db,v1.1.0,d0e900d09a8149099cd4ec63ddc8b9e8
live_ep_000000_NONE,NONE,auth-service,14.5,1785908075.7584138,02d067212807478ca0f49b493c4bd327,40f3cbba790a4958a94533361309a4d2,cache.delete,,4.11,OK,cache-cluster,v1.1.0,d0e900d09a8149099cd4ec63ddc8b9e8
live_ep_000000_NONE,NONE,auth-service,15.0,1785908076.258552,8aebd3d02a1d41f3bad2a3e49aa09fa7,,GET /api/auth,,107.06,OK,auth-service,v1.1.0,41dbfd56732c4e92bef061a85fecd9da
live_ep_000000_NONE,NONE,auth-service,15.0,1785908076.258552,461ee4e59aab4e75b6f3fa84dd969c1f,8aebd3d02a1d41f3bad2a3e49aa09fa7,db.query.select,READ,20.59,OK,user-db,v1.1.0,41dbfd56732c4e92bef061a85fecd9da
live_ep_000000_NONE,NONE,auth-service,15.0,1785908076.258552,ba8e02af7c20472abb50b8fa5ad4e74d,8aebd3d02a1d41f3bad2a3e49aa09fa7,db.query.select,READ,28.52,OK,user-db,v1.1.0,41dbfd56732c4e92bef061a85fecd9da
live_ep_000000_NONE,NONE,auth-service,15.0,1785908076.258552,f351a42d90b64fc8aa40384bab3ab7e5,8aebd3d02a1d41f3bad2a3e49aa09fa7,cache.set,,42.4,OK,cache-cluster,v1.1.0,41dbfd56732c4e92bef061a85fecd9da
live_ep_000000_NONE,NONE,auth-service,15.5,1785908076.7589872,8e7bcced02a04e0c88305fc64571f71e,,GET /api/order,,119.69,OK,auth-service,v1.1.0,26c6ec5077f448f7871d69b139b02f78
live_ep_000000_NONE,NONE,auth-service,15.5,1785908076.7589872,d143f03eddcf4d4c89055d8b6b2d39ea,8e7bcced02a04e0c88305fc64571f71e,db.transaction,WRITE,30.78,OK,user-db,v1.1.0,26c6ec5077f448f7871d69b139b02f78
live_ep_000000_NONE,NONE,auth-service,15.5,1785908076.7589872,1d79b726d60842fe848aac66979a65c6,8e7bcced02a04e0c88305fc64571f71e,db.query.delete,READ,26.61,OK,user-db,v1.1.0,26c6ec5077f448f7871d69b139b02f78
live_ep_000000_NONE,NONE,auth-service,16.0,1785908077.2593405,b24cee14fcb9461cbe6b3c74671e11fb,,PUT /api/inventory,,126.55,OK,auth-service,v1.1.0,d3f5be6282ed4a71a33a7f4bf823e61d
live_ep_000000_NONE,NONE,auth-service,16.0,1785908077.2593405,3bbc4b910db44b2f97968137577e3f92,b24cee14fcb9461cbe6b3c74671e11fb,db.query.delete,READ,21.64,OK,user-db,v1.1.0,d3f5be6282ed4a71a33a7f4bf823e61d
live_ep_000000_NONE,NONE,auth-service,16.0,1785908077.2593405,d5e28a0a17e1446883486ff226e491af,b24cee14fcb9461cbe6b3c74671e11fb,cache.get,,3.35,OK,cache-cluster,v1.1.0,d3f5be6282ed4a71a33a7f4bf823e61d
live_ep_000000_NONE,NONE,auth-service,16.5,1785908077.759818,8685a168993b4a0eb6713a30838bb7db,,PUT /api/inventory,,119.9,OK,auth-service,v1.1.0,378720c21f78469aa4a175c8e33dc7fc
live_ep_000000_NONE,NONE,auth-service,16.5,1785908077.759818,185643bee5584018bffe0c0df742f21f,8685a168993b4a0eb6713a30838bb7db,db.query.delete,READ,19.56,OK,user-db,v1.1.0,378720c21f78469aa4a175c8e33dc7fc
live_ep_000000_NONE,NONE,auth-service,16.5,1785908077.759818,3acc7109cdfa4540a1065b05334717b1,8685a168993b4a0eb6713a30838bb7db,db.query.insert,READ,10.64,OK,user-db,v1.1.0,378720c21f78469aa4a175c8e33dc7fc
live_ep_000000_NONE,NONE,auth-service,16.5,1785908077.759818,7543c6fb43ff4a9994ed784b439d4d75,8685a168993b4a0eb6713a30838bb7db,cache.get,,3.1,OK,cache-cluster,v1.1.0,378720c21f78469aa4a175c8e33dc7fc
live_ep_000000_NONE,NONE,auth-service,17.0,1785908078.2599633,850b7e3247704fb1813cfbfc9999fa26,,PUT /api/inventory,,117.91,OK,auth-service,v1.1.0,6e5a7092b4044c369b8a61056cb57a75
live_ep_000000_NONE,NONE,auth-service,17.0,1785908078.2599633,faa344f790e84aeb9b07af1526102599,850b7e3247704fb1813cfbfc9999fa26,db.query.select,READ,21.91,OK,user-db,v1.1.0,6e5a7092b4044c369b8a61056cb57a75
live_ep_000000_NONE,NONE,auth-service,17.0,1785908078.2599633,0bc8072b22b24c4da821d3e238c971e9,850b7e3247704fb1813cfbfc9999fa26,db.query.insert,READ,15.83,OK,user-db,v1.1.0,6e5a7092b4044c369b8a61056cb57a75
live_ep_000000_NONE,NONE,auth-service,17.0,1785908078.2599633,778f52846ac347718168e74c2ddc8008,850b7e3247704fb1813cfbfc9999fa26,cache.delete,,0.5,OK,cache-cluster,v1.1.0,6e5a7092b4044c369b8a61056cb57a75
live_ep_000000_NONE,NONE,auth-service,17.5,1785908078.7601192,0feafee01d7247d893c9561632084ba3,,POST /api/payment,,129.28,OK,auth-service,v1.1.0,033b116c10ac497ebdc82ea53ad44733
live_ep_000000_NONE,NONE,auth-service,17.5,1785908078.7601192,b829f85eaa5f42b084dd44a2bec11690,0feafee01d7247d893c9561632084ba3,db.query.delete,READ,25.9,OK,user-db,v1.1.0,033b116c10ac497ebdc82ea53ad44733
live_ep_000000_NONE,NONE,auth-service,18.0,1785908079.260594,f2b2804045834723861cffc7f3fc895a,,GET /api/order,,95.04,OK,auth-service,v1.1.0,03d09a6561f04795a23a9b6ead222f78
live_ep_000000_NONE,NONE,auth-service,18.0,1785908079.260594,ca411e67a86d49998269014d99d3dc70,f2b2804045834723861cffc7f3fc895a,db.query.delete,READ,12.43,OK,user-db,v1.1.0,03d09a6561f04795a23a9b6ead222f78
live_ep_000000_NONE,NONE,auth-service,18.0,1785908079.260594,72eb32c58447436c8d5efd0961681fa6,f2b2804045834723861cffc7f3fc895a,cache.set,,2.72,OK,cache-cluster,v1.1.0,03d09a6561f04795a23a9b6ead222f78
live_ep_000000_NONE,NONE,auth-service,18.0,1785908079.260594,864c88298d5d4932a7e2aebae8f39d99,f2b2804045834723861cffc7f3fc895a,grpc.call,,33.75,OK,cache-cluster,v1.1.0,03d09a6561f04795a23a9b6ead222f78
live_ep_000000_NONE,NONE,auth-service,18.5,1785908079.7607431,13891ecdff7f4767be64e64cbc77eb42,,GET /api/health,,150.02,OK,auth-service,v1.1.0,194a1615ace64622b8a5a1a4cf872ca3
live_ep_000000_NONE,NONE,auth-service,18.5,1785908079.7607431,4a2869b6d5884cf190f35b1ab211f419,13891ecdff7f4767be64e64cbc77eb42,db.query.select,READ,19.44,OK,user-db,v1.1.0,194a1615ace64622b8a5a1a4cf872ca3
live_ep_000000_NONE,NONE,auth-service,18.5,1785908079.7607431,97b2bee0343446c8b763f5fc639811c4,13891ecdff7f4767be64e64cbc77eb42,db.query.update,WRITE,9.76,OK,user-db,v1.1.0,194a1615ace64622b8a5a1a4cf872ca3
live_ep_000000_NONE,NONE,auth-service,18.5,1785908079.7607431,53a26af227da4e47bf583bfe6585fbaf,13891ecdff7f4767be64e64cbc77eb42,cache.delete,,3.6,OK,cache-cluster,v1.1.0,194a1615ace64622b8a5a1a4cf872ca3
live_ep_000000_NONE,NONE,auth-service,18.5,1785908079.7607431,c74c32df6abd49b6a93e93d17cc40735,13891ecdff7f4767be64e64cbc77eb42,grpc.call,,23.57,OK,user-db,v1.1.0,194a1615ace64622b8a5a1a4cf872ca3
live_ep_000000_NONE,NONE,auth-service,19.0,1785908080.2609036,cd7afe0294a24f09850df2b915030a42,,POST /api/payment,,121.85,OK,auth-service,v1.1.0,cbd256d632fa40e6a38294626ed5fc1b
live_ep_000000_NONE,NONE,auth-service,19.0,1785908080.2609036,3843b3d963904b57ba95f47ca2d18ea1,cd7afe0294a24f09850df2b915030a42,db.query.update,WRITE,27.09,ERROR,user-db,v1.1.0,cbd256d632fa40e6a38294626ed5fc1b
live_ep_000000_NONE,NONE,auth-service,19.0,1785908080.2609036,faea6661bf624fc5b4479bb8aa2bcb9e,cd7afe0294a24f09850df2b915030a42,db.query.update,READ,27.54,OK,user-db,v1.1.0,cbd256d632fa40e6a38294626ed5fc1b
live_ep_000000_NONE,NONE,auth-service,19.0,1785908080.2609036,129fda8c984040cc9a9010888885aeb8,cd7afe0294a24f09850df2b915030a42,cache.get,,1.99,OK,cache-cluster,v1.1.0,cbd256d632fa40e6a38294626ed5fc1b
live_ep_000000_NONE,NONE,auth-service,19.0,1785908080.2609036,18f84a3c63b545ca92dcd7655865b591,cd7afe0294a24f09850df2b915030a42,grpc.call,,24.83,OK,user-db,v1.1.0,cbd256d632fa40e6a38294626ed5fc1b
live_ep_000000_NONE,NONE,auth-service,19.5,1785908080.7613668,7e139234b77d4ddebee8378fa209aa28,,PUT /api/inventory,,121.37,OK,auth-service,v1.1.0,064b2933111a48b292c894de15c0e840
live_ep_000000_NONE,NONE,auth-service,19.5,1785908080.7613668,40dbccc0bcb942f798f2b7ccee2922ea,7e139234b77d4ddebee8378fa209aa28,db.query.delete,WRITE,25.86,OK,user-db,v1.1.0,064b2933111a48b292c894de15c0e840
live_ep_000000_NONE,NONE,auth-service,19.5,1785908080.7613668,8e16f2e707f7480cb88ac178aed7fb43,7e139234b77d4ddebee8378fa209aa28,db.transaction,WRITE,24.48,OK,user-db,v1.1.0,064b2933111a48b292c894de15c0e840
live_ep_000000_NONE,NONE,auth-service,20.0,1785908081.2616878,41e762eae8b74076bb65703a6233c2fe,,GET /api/health,,108.28,OK,auth-service,v1.1.0,49c9702feb994940b23489320b6eee50
live_ep_000000_NONE,NONE,auth-service,20.0,1785908081.2616878,9e42a19eda924bf487dbf2933f784400,41e762eae8b74076bb65703a6233c2fe,db.query.delete,READ,25.9,OK,user-db,v1.1.0,49c9702feb994940b23489320b6eee50
live_ep_000000_NONE,NONE,auth-service,20.0,1785908081.2616878,8e1517ec25034d3da13d35d2e6761c1b,41e762eae8b74076bb65703a6233c2fe,db.query.update,WRITE,26.39,OK,user-db,v1.1.0,49c9702feb994940b23489320b6eee50
live_ep_000000_NONE,NONE,auth-service,20.0,1785908081.2616878,fbadb7e080484db0afb5466a9ddbd3f8,41e762eae8b74076bb65703a6233c2fe,http.client.post,,33.95,OK,cache-cluster,v1.1.0,49c9702feb994940b23489320b6eee50
live_ep_000000_NONE,NONE,auth-service,20.5,1785908081.761874,5333a7a6f13344c28c431cb5d4a35967,,GET /api/auth,,114.71,OK,auth-service,v1.1.0,cbfdc6f56fea441daea4eb0e18222a66
live_ep_000000_NONE,NONE,auth-service,20.5,1785908081.761874,9ffa4a1ace3241c6b765426bcec80ef1,5333a7a6f13344c28c431cb5d4a35967,db.query.update,READ,24.55,OK,user-db,v1.1.0,cbfdc6f56fea441daea4eb0e18222a66
live_ep_000000_NONE,NONE,auth-service,20.5,1785908081.761874,31058c66f8004cf49034a95edaae7658,5333a7a6f13344c28c431cb5d4a35967,db.query.select,READ,21.91,OK,user-db,v1.1.0,cbfdc6f56fea441daea4eb0e18222a66
live_ep_000000_NONE,NONE,auth-service,20.5,1785908081.761874,4b15ac9f9a624b6ba2e88ed352737f7c,5333a7a6f13344c28c431cb5d4a35967,cache.get,,4.06,OK,cache-cluster,v1.1.0,cbfdc6f56fea441daea4eb0e18222a66
live_ep_000000_NONE,NONE,auth-service,20.5,1785908081.761874,9ee9a8b343664a96b95c993f62b24d00,5333a7a6f13344c28c431cb5d4a35967,http.client.get,,20.83,OK,inventory-api,v1.1.0,cbfdc6f56fea441daea4eb0e18222a66
live_ep_000000_NONE,NONE,auth-service,21.0,1785908082.2621875,2b7474a0fe2143358bad3f2accaab2e2,,POST /api/checkout,,88.35,OK,auth-service,v1.1.0,7c774b7667af4e71944e6923047274d6
live_ep_000000_NONE,NONE,auth-service,21.0,1785908082.2621875,7293d2f4bd2d45a4b9e8d3267d7948bf,2b7474a0fe2143358bad3f2accaab2e2,db.query.insert,WRITE,36.73,OK,user-db,v1.1.0,7c774b7667af4e71944e6923047274d6
live_ep_000000_NONE,NONE,auth-service,21.0,1785908082.2621875,8b1bbffc53c24cac97d8f2ca3dc38346,2b7474a0fe2143358bad3f2accaab2e2,cache.get,,2.56,OK,cache-cluster,v1.1.0,7c774b7667af4e71944e6923047274d6
live_ep_000000_NONE,NONE,auth-service,21.0,1785908082.2621875,5006480926b04e00ad67150280d05d0e,2b7474a0fe2143358bad3f2accaab2e2,http.client.post,,40.79,OK,cache-cluster,v1.1.0,7c774b7667af4e71944e6923047274d6
live_ep_000000_NONE,NONE,auth-service,21.5,1785908082.7626872,68dc6f0984a546759ce70d5245e2ab30,,GET /api/order,,114.85,OK,auth-service,v1.1.0,48c53d27b4064fbc986615fd9c02bdb3
live_ep_000000_NONE,NONE,auth-service,21.5,1785908082.7626872,11f7c65500ec4f20aeab720d573ae985,68dc6f0984a546759ce70d5245e2ab30,db.query.select,READ,8.7,OK,user-db,v1.1.0,48c53d27b4064fbc986615fd9c02bdb3
live_ep_000000_NONE,NONE,auth-service,21.5,1785908082.7626872,2c170f28698e47699f50dfcc16f0d37c,68dc6f0984a546759ce70d5245e2ab30,db.transaction,WRITE,9.58,OK,user-db,v1.1.0,48c53d27b4064fbc986615fd9c02bdb3
live_ep_000000_NONE,NONE,auth-service,21.5,1785908082.7626872,3f2bccf657d045099ceedf0a10947189,68dc6f0984a546759ce70d5245e2ab30,cache.set,,3.11,OK,cache-cluster,v1.1.0,48c53d27b4064fbc986615fd9c02bdb3
live_ep_000000_NONE,NONE,auth-service,22.0,1785908083.2631423,eb75ce67272749cb8acda6f7cba406a7,,PUT /api/inventory,,87.93,OK,auth-service,v1.1.0,a79f13df207748b289723914da3d5333
live_ep_000000_NONE,NONE,auth-service,22.0,1785908083.2631423,a27b1673b7d848d68f0165c99338e8cb,eb75ce67272749cb8acda6f7cba406a7,db.query.insert,READ,20.45,OK,user-db,v1.1.0,a79f13df207748b289723914da3d5333
live_ep_000000_NONE,NONE,auth-service,22.0,1785908083.2631423,7e8f022788174a7b85d04b9a0cb6bc6e,eb75ce67272749cb8acda6f7cba406a7,cache.set,,69.14,OK,cache-cluster,v1.1.0,a79f13df207748b289723914da3d5333
live_ep_000000_NONE,NONE,auth-service,22.5,1785908083.7635927,2d106d8c191a481d96ed6d807d8b7b19,,GET /api/order,,119.08,OK,auth-service,v1.1.0,bcb20796a2e74a099c271b7198f1c29c
live_ep_000000_NONE,NONE,auth-service,22.5,1785908083.7635927,cfa371caf3da4fbb8fd8fcb28675da4b,2d106d8c191a481d96ed6d807d8b7b19,db.query.select,WRITE,17.95,OK,user-db,v1.1.0,bcb20796a2e74a099c271b7198f1c29c
live_ep_000000_NONE,NONE,auth-service,22.5,1785908083.7635927,77971af2c9eb47b5abaf3fb11e686326,2d106d8c191a481d96ed6d807d8b7b19,db.query.select,READ,16.55,OK,user-db,v1.1.0,bcb20796a2e74a099c271b7198f1c29c
live_ep_000000_NONE,NONE,auth-service,23.0,1785908084.2641366,3e190f66e9b54ccd93bcb3cde5fbb98c,,POST /api/payment,,91.29,OK,auth-service,v1.1.0,03adc5f043084cb496b97f5706eba874
live_ep_000000_NONE,NONE,auth-service,23.0,1785908084.2641366,2f0adfaa29ed41d7937e31f0fb21da36,3e190f66e9b54ccd93bcb3cde5fbb98c,db.query.select,READ,28.55,OK,user-db,v1.1.0,03adc5f043084cb496b97f5706eba874
live_ep_000000_NONE,NONE,auth-service,23.0,1785908084.2641366,1ef973509b8e43afa1d2a2157d9398f7,3e190f66e9b54ccd93bcb3cde5fbb98c,grpc.call,,27.23,OK,inventory-api,v1.1.0,03adc5f043084cb496b97f5706eba874
live_ep_000000_NONE,NONE,auth-service,23.5,1785908084.764462,b1d9978f0af44ab9a099e67a9755e933,,GET /api/order,,85.79,OK,auth-service,v1.1.0,97788d0ddaab44f8973a5c8f380a067f
live_ep_000000_NONE,NONE,auth-service,23.5,1785908084.764462,3fef600f11aa4700b026414d4f8ff26e,b1d9978f0af44ab9a099e67a9755e933,db.transaction,WRITE,24.16,OK,user-db,v1.1.0,97788d0ddaab44f8973a5c8f380a067f
live_ep_000000_NONE,NONE,auth-service,23.5,1785908084.764462,42839711eff94387b8c51c5d58295a77,b1d9978f0af44ab9a099e67a9755e933,cache.set,,2.72,OK,cache-cluster,v1.1.0,97788d0ddaab44f8973a5c8f380a067f
live_ep_000000_NONE,NONE,auth-service,23.5,1785908084.764462,c438c5f6f9a04f3cbcffcdef86d33103,b1d9978f0af44ab9a099e67a9755e933,http.client.get,,31.52,OK,inventory-api,v1.1.0,97788d0ddaab44f8973a5c8f380a067f
live_ep_000000_NONE,NONE,auth-service,24.0,1785908085.2648153,703c8a8411464153818af3195c721a7d,,GET /api/order,,108.45,OK,auth-service,v1.1.0,a0172d56fc494b199b2ff5cce7ca7abf
live_ep_000000_NONE,NONE,auth-service,24.0,1785908085.2648153,6851637a2c4f4e8f86c36aa276619fad,703c8a8411464153818af3195c721a7d,db.query.delete,WRITE,19.63,OK,user-db,v1.1.0,a0172d56fc494b199b2ff5cce7ca7abf
live_ep_000000_NONE,NONE,auth-service,24.0,1785908085.2648153,d40f6a45cbd64e44a00040b95c70544a,703c8a8411464153818af3195c721a7d,cache.set,,3.57,OK,cache-cluster,v1.1.0,a0172d56fc494b199b2ff5cce7ca7abf
live_ep_000000_NONE,NONE,auth-service,24.5,1785908085.7652602,4bd2d39cc768475d9d3e08747a4a18ea,,POST /api/checkout,,114.08,OK,auth-service,v1.1.0,0eafd53842be4e99941393af32250099
live_ep_000000_NONE,NONE,auth-service,24.5,1785908085.7652602,b3b034f9ee0c4ed0b8504aa8bde0ea6f,4bd2d39cc768475d9d3e08747a4a18ea,db.query.insert,WRITE,17.78,OK,user-db,v1.1.0,0eafd53842be4e99941393af32250099
live_ep_000000_NONE,NONE,auth-service,24.5,1785908085.7652602,a1a25b3a5e4a473bbbb3c7be31b7889e,4bd2d39cc768475d9d3e08747a4a18ea,http.client.get,,21.46,OK,user-db,v1.1.0,0eafd53842be4e99941393af32250099
live_ep_000000_NONE,NONE,auth-service,25.0,1785908086.265764,ef5d679992724bd28813380c8821499c,,PUT /api/inventory,,156.98,OK,auth-service,v1.1.0,dc4e9909b2e24f92bcfdb5d2b5b97926
live_ep_000000_NONE,NONE,auth-service,25.0,1785908086.265764,5c5c78957a714473a7a6cd9db4103517,ef5d679992724bd28813380c8821499c,db.query.delete,READ,25.38,OK,user-db,v1.1.0,dc4e9909b2e24f92bcfdb5d2b5b97926
live_ep_000000_NONE,NONE,auth-service,25.0,1785908086.265764,f5ea53fcd1fc43abbc6fe3005561f0e6,ef5d679992724bd28813380c8821499c,http.client.post,,24.81,OK,inventory-api,v1.1.0,dc4e9909b2e24f92bcfdb5d2b5b97926
live_ep_000000_NONE,NONE,auth-service,25.5,1785908086.766207,fb533ba1c37246d6b76a3eb8e2c50caa,,GET /api/health,,118.81,OK,auth-service,v1.1.0,d181b378d35745be99fb35f968fcd372
live_ep_000000_NONE,NONE,auth-service,25.5,1785908086.766207,c19a6e7aab234c2ea89aca2715595ff0,fb533ba1c37246d6b76a3eb8e2c50caa,db.query.delete,READ,38.13,OK,user-db,v1.1.0,d181b378d35745be99fb35f968fcd372
live_ep_000000_NONE,NONE,auth-service,25.5,1785908086.766207,ee4d1b6f9e4b4fbb948624f49cab697d,fb533ba1c37246d6b76a3eb8e2c50caa,cache.delete,,47.32,OK,cache-cluster,v1.1.0,d181b378d35745be99fb35f968fcd372
live_ep_000000_NONE,NONE,auth-service,25.5,1785908086.766207,a30c807372754bcab1a4f8858b0ff255,fb533ba1c37246d6b76a3eb8e2c50caa,http.client.post,,27.71,OK,inventory-api,v1.1.0,d181b378d35745be99fb35f968fcd372
live_ep_000000_NONE,NONE,auth-service,26.0,1785908087.2667556,abea9d8d616943be9b0c8aecdbe5703b,,PUT /api/inventory,,166.81,OK,auth-service,v1.1.0,539b046798a84c38a802b62b5df6f121
live_ep_000000_NONE,NONE,auth-service,26.0,1785908087.2667556,12f027f746294221aed61171386cde23,abea9d8d616943be9b0c8aecdbe5703b,db.query.update,READ,12.61,OK,user-db,v1.1.0,539b046798a84c38a802b62b5df6f121
live_ep_000000_NONE,NONE,auth-service,26.5,1785908087.7668283,784866520dc24bb099daf8b403aafa14,,GET /api/health,,96.67,OK,auth-service,v1.1.0,bf5a5de5b15641cf968eaf27b95a5181
live_ep_000000_NONE,NONE,auth-service,26.5,1785908087.7668283,2184ea6f12a84368846a0a8f435f3633,784866520dc24bb099daf8b403aafa14,db.query.select,READ,40.09,OK,user-db,v1.1.0,bf5a5de5b15641cf968eaf27b95a5181
live_ep_000000_NONE,NONE,auth-service,26.5,1785908087.7668283,3219f440002843e6a93db46731cfa599,784866520dc24bb099daf8b403aafa14,cache.set,,1.57,OK,cache-cluster,v1.1.0,bf5a5de5b15641cf968eaf27b95a5181
live_ep_000000_NONE,NONE,auth-service,26.5,1785908087.7668283,24e0179a5eca413d976bea3b1f40cf16,784866520dc24bb099daf8b403aafa14,http.client.post,,30.6,OK,payment-gateway,v1.1.0,bf5a5de5b15641cf968eaf27b95a5181
live_ep_000000_NONE,NONE,auth-service,27.0,1785908088.2673628,19f64424755a4166bdfebce89c97e202,,POST /api/checkout,,103.84,OK,auth-service,v1.1.0,e420d19c8e374ab193297dfa10eaae86
live_ep_000000_NONE,NONE,auth-service,27.0,1785908088.2673628,4782dc89c57b466c9010ece715406bba,19f64424755a4166bdfebce89c97e202,db.query.update,WRITE,7.4,OK,user-db,v1.1.0,e420d19c8e374ab193297dfa10eaae86
live_ep_000000_NONE,NONE,auth-service,27.0,1785908088.2673628,fd572eb54dc344bfa64d95c41eeda611,19f64424755a4166bdfebce89c97e202,cache.delete,,3.14,OK,cache-cluster,v1.1.0,e420d19c8e374ab193297dfa10eaae86
live_ep_000000_NONE,NONE,auth-service,27.5,1785908088.767912,ebde068005d74e28b52aeba438ba73a9,,GET /api/order,,142.41,OK,auth-service,v1.1.0,861f3d0708d149a0b679051b06124a0d
live_ep_000000_NONE,NONE,auth-service,27.5,1785908088.767912,7d8f00ff59824913a453b042427604d3,ebde068005d74e28b52aeba438ba73a9,db.transaction,WRITE,33.25,OK,user-db,v1.1.0,861f3d0708d149a0b679051b06124a0d
live_ep_000000_NONE,NONE,auth-service,27.5,1785908088.767912,8d010ab08d694c9d8f528b3c62abb12b,ebde068005d74e28b52aeba438ba73a9,db.query.select,READ,25.34,OK,user-db,v1.1.0,861f3d0708d149a0b679051b06124a0d
live_ep_000000_NONE,NONE,auth-service,27.5,1785908088.767912,7ecaacae6e4a462c99b49cf4c481fd62,ebde068005d74e28b52aeba438ba73a9,cache.set,,1.01,OK,cache-cluster,v1.1.0,861f3d0708d149a0b679051b06124a0d
live_ep_000000_NONE,NONE,auth-service,28.0,1785908089.268231,c82dff13cc314f6a819d26cde72d5132,,GET /api/auth,,140.33,OK,auth-service,v1.1.0,5427820a64b34871a7da9f6b8c08ab6c
live_ep_000000_NONE,NONE,auth-service,28.0,1785908089.268231,0e82d9e6b6ce49fc9dce0af196a32bf1,c82dff13cc314f6a819d26cde72d5132,db.query.delete,WRITE,13.23,OK,user-db,v1.1.0,5427820a64b34871a7da9f6b8c08ab6c
live_ep_000000_NONE,NONE,auth-service,28.0,1785908089.268231,2170bc8a21ab4208a87ec670a2476f49,c82dff13cc314f6a819d26cde72d5132,db.query.update,WRITE,26.25,OK,user-db,v1.1.0,5427820a64b34871a7da9f6b8c08ab6c
live_ep_000000_NONE,NONE,auth-service,28.0,1785908089.268231,1cd20d1c64464afd89627dcaa5d51af1,c82dff13cc314f6a819d26cde72d5132,cache.get,,2.84,OK,cache-cluster,v1.1.0,5427820a64b34871a7da9f6b8c08ab6c
live_ep_000000_NONE,NONE,auth-service,28.5,1785908089.7684176,70b0b340cee141728a199873e232b8ed,,GET /api/health,,111.91,OK,auth-service,v1.1.0,74519f9b5e60469ca2b287fa1605b6b8
live_ep_000000_NONE,NONE,auth-service,28.5,1785908089.7684176,dcdbc550adae49efbf9b498940a5b7aa,70b0b340cee141728a199873e232b8ed,db.query.delete,READ,26.93,OK,user-db,v1.1.0,74519f9b5e60469ca2b287fa1605b6b8
live_ep_000000_NONE,NONE,auth-service,28.5,1785908089.7684176,b5bb351780844eeb825fec15dda72f42,70b0b340cee141728a199873e232b8ed,cache.set,,1.58,OK,cache-cluster,v1.1.0,74519f9b5e60469ca2b287fa1605b6b8
live_ep_000000_NONE,NONE,auth-service,28.5,1785908089.7684176,2bc6bca01bdf40f898785399611e6c90,70b0b340cee141728a199873e232b8ed,http.client.get,,25.53,OK,payment-gateway,v1.1.0,74519f9b5e60469ca2b287fa1605b6b8
live_ep_000000_NONE,NONE,auth-service,29.0,1785908090.2688782,8a45bbc07d0a4df883b3ea9e8ac7115c,,POST /api/checkout,,123.9,OK,auth-service,v1.1.0,1713e2b3df504320911db622e7f19214
live_ep_000000_NONE,NONE,auth-service,29.0,1785908090.2688782,b34a4baa90f448a79f6dc7d095592d28,8a45bbc07d0a4df883b3ea9e8ac7115c,db.query.update,READ,30.65,OK,user-db,v1.1.0,1713e2b3df504320911db622e7f19214
live_ep_000000_NONE,NONE,auth-service,29.0,1785908090.2688782,bbd15aa2d9a2435ba4e87d5b476d2af6,8a45bbc07d0a4df883b3ea9e8ac7115c,cache.set,,2.22,OK,cache-cluster,v1.1.0,1713e2b3df504320911db622e7f19214
live_ep_000000_NONE,NONE,auth-service,29.5,1785908090.7690663,109f05a061a940f6b042015222789d6c,,POST /api/payment,,122.49,OK,auth-service,v1.1.0,367190c54a3f475f9f97d2f87fb16e78
live_ep_000000_NONE,NONE,auth-service,29.5,1785908090.7690663,ab70bb9aa45e410b8656506c221f623b,109f05a061a940f6b042015222789d6c,db.transaction,WRITE,16.45,OK,user-db,v1.1.0,367190c54a3f475f9f97d2f87fb16e78
live_ep_000000_NONE,NONE,auth-service,29.5,1785908090.7690663,b7afc04586d44c34960dffb07e0bef5d,109f05a061a940f6b042015222789d6c,db.query.update,READ,14.34,OK,user-db,v1.1.0,367190c54a3f475f9f97d2f87fb16e78
live_ep_000000_NONE,NONE,auth-service,30.0,1785908091.2697418,5b68cf96e18849fb8f197d11828a7abf,,PUT /api/inventory,,109.72,OK,auth-service,v1.1.0,0e4195d477344e479692d3506aa6444e
live_ep_000000_NONE,NONE,auth-service,30.0,1785908091.2697418,9e78246bee224a8aa0ffea10b1d2d130,5b68cf96e18849fb8f197d11828a7abf,db.query.select,READ,20.49,OK,user-db,v1.1.0,0e4195d477344e479692d3506aa6444e
live_ep_000000_NONE,NONE,auth-service,30.0,1785908091.2697418,02f41effbaba47d8bac707b48afff31d,5b68cf96e18849fb8f197d11828a7abf,cache.delete,,3.65,OK,cache-cluster,v1.1.0,0e4195d477344e479692d3506aa6444e
live_ep_000000_NONE,NONE,auth-service,30.0,1785908091.2697418,34910e507e134ae1a2b9461a91b820ed,5b68cf96e18849fb8f197d11828a7abf,grpc.call,,23.06,OK,inventory-api,v1.1.0,0e4195d477344e479692d3506aa6444e
live_ep_000000_NONE,NONE,auth-service,30.5,1785908091.770496,644926fde7454af691d7f7f22897e7a4,,POST /api/payment,,137.13,OK,auth-service,v1.1.0,ec5afc977f064f269574e925c67f4227
live_ep_000000_NONE,NONE,auth-service,30.5,1785908091.770496,5131ace185b4415db17f8f07d425b256,644926fde7454af691d7f7f22897e7a4,db.query.insert,READ,19.27,OK,user-db,v1.1.0,ec5afc977f064f269574e925c67f4227
live_ep_000000_NONE,NONE,auth-service,30.5,1785908091.770496,2a4b3deefaa447b4b35ca56ef271d46c,644926fde7454af691d7f7f22897e7a4,cache.delete,,1.95,OK,cache-cluster,v1.1.0,ec5afc977f064f269574e925c67f4227
live_ep_000000_NONE,NONE,auth-service,31.0,1785908092.2708302,a2a1c1f10cea4b59aca7c26648e976f1,,POST /api/checkout,,130.61,OK,auth-service,v1.1.0,da7142d7bb704f278d824c50dcb0f1b1
live_ep_000000_NONE,NONE,auth-service,31.0,1785908092.2708302,8135956ce5bb41fbbf56b1ca60adbe79,a2a1c1f10cea4b59aca7c26648e976f1,db.query.update,READ,21.63,OK,user-db,v1.1.0,da7142d7bb704f278d824c50dcb0f1b1
live_ep_000000_NONE,NONE,auth-service,31.0,1785908092.2708302,696fafcfcd174ae6981967a474d76a69,a2a1c1f10cea4b59aca7c26648e976f1,db.query.insert,READ,23.95,OK,user-db,v1.1.0,da7142d7bb704f278d824c50dcb0f1b1
live_ep_000000_NONE,NONE,auth-service,31.0,1785908092.2708302,bd6bdf2d7bfa456688542114abbbc703,a2a1c1f10cea4b59aca7c26648e976f1,cache.get,,3.05,OK,cache-cluster,v1.1.0,da7142d7bb704f278d824c50dcb0f1b1
live_ep_000000_NONE,NONE,auth-service,31.0,1785908092.2708302,6ae574485dfb423792807077ff56525b,a2a1c1f10cea4b59aca7c26648e976f1,http.client.post,,43.48,OK,inventory-api,v1.1.0,da7142d7bb704f278d824c50dcb0f1b1
live_ep_000000_NONE,NONE,auth-service,31.5,1785908092.7712502,f455deef38fd4869ab58d9d5c6f267d7,,GET /api/order,,128.2,OK,auth-service,v1.1.0,5a4e431b87624846bbc06addd9c63fa7
live_ep_000000_NONE,NONE,auth-service,31.5,1785908092.7712502,24259e01e2d5485787508c121fe6dd1a,f455deef38fd4869ab58d9d5c6f267d7,db.query.insert,WRITE,31.2,OK,user-db,v1.1.0,5a4e431b87624846bbc06addd9c63fa7
live_ep_000000_NONE,NONE,auth-service,32.0,1785908093.271839,ad830c4931a348449d4aeeaa3cb12352,,POST /api/checkout,,116.73,OK,auth-service,v1.1.0,601ad3eeae4a4c34b3c7aded6db4ad43
live_ep_000000_NONE,NONE,auth-service,32.0,1785908093.271839,5f822ffe5e4c4dfca02ce204fdccaae5,ad830c4931a348449d4aeeaa3cb12352,db.query.update,WRITE,6.2,OK,user-db,v1.1.0,601ad3eeae4a4c34b3c7aded6db4ad43
live_ep_000000_NONE,NONE,auth-service,32.0,1785908093.271839,dba089c66c5b4986b28685b811bd261a,ad830c4931a348449d4aeeaa3cb12352,cache.set,,1.68,OK,cache-cluster,v1.1.0,601ad3eeae4a4c34b3c7aded6db4ad43
live_ep_000000_NONE,NONE,auth-service,32.0,1785908093.271839,04b9ffcadec24edc9ea579c1b6c6959a,ad830c4931a348449d4aeeaa3cb12352,http.client.get,,42.26,OK,inventory-api,v1.1.0,601ad3eeae4a4c34b3c7aded6db4ad43
live_ep_000000_NONE,NONE,auth-service,32.5,1785908093.77191,057420012ed2430ebe76e48c9ff1f304,,PUT /api/inventory,,72.96,OK,auth-service,v1.1.0,8115450dcb99402a980157acd40e3a21
live_ep_000000_NONE,NONE,auth-service,32.5,1785908093.77191,b8b013b13e2544c7b018d9bb928b31ed,057420012ed2430ebe76e48c9ff1f304,db.query.select,READ,32.01,OK,user-db,v1.1.0,8115450dcb99402a980157acd40e3a21
live_ep_000000_NONE,NONE,auth-service,32.5,1785908093.77191,017283db0d7c424191fbb9bc582e9ee0,057420012ed2430ebe76e48c9ff1f304,db.query.select,READ,23.03,OK,user-db,v1.1.0,8115450dcb99402a980157acd40e3a21
live_ep_000000_NONE,NONE,auth-service,32.5,1785908093.77191,53f4afaa5a1e47ce919ec30277049f43,057420012ed2430ebe76e48c9ff1f304,cache.get,,2.19,OK,cache-cluster,v1.1.0,8115450dcb99402a980157acd40e3a21
live_ep_000000_NONE,NONE,auth-service,32.5,1785908093.77191,09ac37c82b8d4cc19a20e8761f2c8bc6,057420012ed2430ebe76e48c9ff1f304,http.client.get,,26.81,OK,inventory-api,v1.1.0,8115450dcb99402a980157acd40e3a21
live_ep_000000_NONE,NONE,auth-service,33.0,1785908094.2722008,9821c4b75eeb46c6853753716da0dac1,,GET /api/health,,165.71,OK,auth-service,v1.1.0,562bc4c78fa645b2b0df7159f2accc23
live_ep_000000_NONE,NONE,auth-service,33.0,1785908094.2722008,9b5a65921c1f452abf0e689718d5576f,9821c4b75eeb46c6853753716da0dac1,db.query.update,READ,21.09,OK,user-db,v1.1.0,562bc4c78fa645b2b0df7159f2accc23
live_ep_000000_NONE,NONE,auth-service,33.0,1785908094.2722008,c269f45caf97408b83a644f79f048c1a,9821c4b75eeb46c6853753716da0dac1,db.query.delete,WRITE,14.99,OK,user-db,v1.1.0,562bc4c78fa645b2b0df7159f2accc23
live_ep_000000_NONE,NONE,auth-service,33.0,1785908094.2722008,bd1201924b254c92b9d6ff67bf93b1b3,9821c4b75eeb46c6853753716da0dac1,cache.set,,1.26,OK,cache-cluster,v1.1.0,562bc4c78fa645b2b0df7159f2accc23
live_ep_000000_NONE,NONE,auth-service,33.0,1785908094.2722008,8041caf5c25544ca97bcd9fb7f9eef59,9821c4b75eeb46c6853753716da0dac1,http.client.get,,26.99,OK,payment-gateway,v1.1.0,562bc4c78fa645b2b0df7159f2accc23
live_ep_000000_NONE,NONE,auth-service,33.5,1785908094.772613,e3accb2f046941009d6396e6814c5f5d,,GET /api/order,,118.63,OK,auth-service,v1.1.0,7010f496f5304aa586fa3527004e3ca9
live_ep_000000_NONE,NONE,auth-service,33.5,1785908094.772613,5fa3499ba7e14fbba807dae0541c159a,e3accb2f046941009d6396e6814c5f5d,db.transaction,READ,27.01,OK,user-db,v1.1.0,7010f496f5304aa586fa3527004e3ca9
live_ep_000000_NONE,NONE,auth-service,33.5,1785908094.772613,f06adeebd59842e6b16469eca5185304,e3accb2f046941009d6396e6814c5f5d,cache.get,,2.24,OK,cache-cluster,v1.1.0,7010f496f5304aa586fa3527004e3ca9
live_ep_000000_NONE,NONE,auth-service,34.0,1785908095.272905,3eb1aee9d19446c584f8218e3d567682,,GET /api/auth,,103.0,OK,auth-service,v1.1.0,30649b862be84cc6ad7d5431f82c65d6
live_ep_000000_NONE,NONE,auth-service,34.0,1785908095.272905,8965f4cf4e0b4dddbf0dbd05d5eaa3b9,3eb1aee9d19446c584f8218e3d567682,db.query.insert,WRITE,26.53,OK,user-db,v1.1.0,30649b862be84cc6ad7d5431f82c65d6
live_ep_000000_NONE,NONE,auth-service,34.0,1785908095.272905,0225af1f7dcd4996bc723e4b10de5b76,3eb1aee9d19446c584f8218e3d567682,db.transaction,WRITE,25.57,OK,user-db,v1.1.0,30649b862be84cc6ad7d5431f82c65d6
live_ep_000000_NONE,NONE,auth-service,34.0,1785908095.272905,b77ec47754404ba1ae7cc25ae9e55623,3eb1aee9d19446c584f8218e3d567682,cache.get,,1.26,OK,cache-cluster,v1.1.0,30649b862be84cc6ad7d5431f82c65d6
live_ep_000000_NONE,NONE,auth-service,34.5,1785908095.7731125,882776e6f4474d97bb85c59386bf3185,,GET /api/health,,110.51,OK,auth-service,v1.1.0,bc7712a6ba914755a4c7b5c73704f3ad
live_ep_000000_NONE,NONE,auth-service,34.5,1785908095.7731125,864c673a94e840f581831e2bde26a508,882776e6f4474d97bb85c59386bf3185,db.query.select,READ,14.17,OK,user-db,v1.1.0,bc7712a6ba914755a4c7b5c73704f3ad
live_ep_000000_NONE,NONE,auth-service,34.5,1785908095.7731125,1c914609f1e542a28ae662288c31d5e6,882776e6f4474d97bb85c59386bf3185,db.query.insert,READ,19.24,OK,user-db,v1.1.0,bc7712a6ba914755a4c7b5c73704f3ad
live_ep_000000_NONE,NONE,auth-service,35.0,1785908096.273312,b2e27922add84fff99850e6f691ddf82,,GET /api/order,,103.52,OK,auth-service,v1.1.0,1b060418e8ea4a08a1a0645755da09a3
live_ep_000000_NONE,NONE,auth-service,35.0,1785908096.273312,934b68d7209646779c3313fbd397e61e,b2e27922add84fff99850e6f691ddf82,db.transaction,WRITE,33.86,OK,user-db,v1.1.0,1b060418e8ea4a08a1a0645755da09a3
live_ep_000000_NONE,NONE,auth-service,35.0,1785908096.273312,52303beeac3d47f6aa1d3b872419843c,b2e27922add84fff99850e6f691ddf82,cache.get,,1.99,OK,cache-cluster,v1.1.0,1b060418e8ea4a08a1a0645755da09a3
live_ep_000000_NONE,NONE,auth-service,35.0,1785908096.273312,9b3150daf2d14b159ff5f231cdf54586,b2e27922add84fff99850e6f691ddf82,grpc.call,,40.58,OK,inventory-api,v1.1.0,1b060418e8ea4a08a1a0645755da09a3
live_ep_000000_NONE,NONE,auth-service,35.5,1785908096.773893,8c84d206329042609569a5fc9a506c7e,,PUT /api/inventory,,125.25,OK,auth-service,v1.1.0,b705454a479148d0afb31261e80d85a5
live_ep_000000_NONE,NONE,auth-service,35.5,1785908096.773893,721099d29a1b489bbad64199f4c04dc9,8c84d206329042609569a5fc9a506c7e,db.query.update,WRITE,19.72,OK,user-db,v1.1.0,b705454a479148d0afb31261e80d85a5
live_ep_000000_NONE,NONE,auth-service,35.5,1785908096.773893,ec5e7fb09de14feb88a559af1201428b,8c84d206329042609569a5fc9a506c7e,db.query.insert,READ,19.76,OK,user-db,v1.1.0,b705454a479148d0afb31261e80d85a5
live_ep_000000_NONE,NONE,auth-service,35.5,1785908096.773893,1c37d5371d084a37809657a8efb470a9,8c84d206329042609569a5fc9a506c7e,cache.delete,,0.92,OK,cache-cluster,v1.1.0,b705454a479148d0afb31261e80d85a5
live_ep_000000_NONE,NONE,auth-service,36.0,1785908097.2740242,849dd04985d443f999f85ea32d1043a0,,POST /api/payment,,142.35,OK,auth-service,v1.1.0,ba653ab439a34a429159ded5c2f38a83
live_ep_000000_NONE,NONE,auth-service,36.0,1785908097.2740242,fc2ffb48cbbe4c568165a5d1b7544e1e,849dd04985d443f999f85ea32d1043a0,db.query.insert,READ,48.29,OK,user-db,v1.1.0,ba653ab439a34a429159ded5c2f38a83
live_ep_000000_NONE,NONE,auth-service,36.0,1785908097.2740242,42379ddb71374e2e8bf03dc8ebe7fffd,849dd04985d443f999f85ea32d1043a0,cache.delete,,0.5,OK,cache-cluster,v1.1.0,ba653ab439a34a429159ded5c2f38a83
live_ep_000000_NONE,NONE,auth-service,36.5,1785908097.7743,f2e24e18c6ea438db95b349f3d805a8d,,PUT /api/inventory,,146.42,OK,auth-service,v1.1.0,2db0cedfb7d64e0c9f62f0ca2c77e38a
live_ep_000000_NONE,NONE,auth-service,36.5,1785908097.7743,fa8938f528e146d4af47e4cb73f8458b,f2e24e18c6ea438db95b349f3d805a8d,db.query.insert,WRITE,36.81,OK,user-db,v1.1.0,2db0cedfb7d64e0c9f62f0ca2c77e38a
live_ep_000000_NONE,NONE,auth-service,36.5,1785908097.7743,b1e8fa3dec5b4472b52aee01e422fb73,f2e24e18c6ea438db95b349f3d805a8d,db.transaction,WRITE,18.88,OK,user-db,v1.1.0,2db0cedfb7d64e0c9f62f0ca2c77e38a
live_ep_000000_NONE,NONE,auth-service,36.5,1785908097.7743,0d08c807e5e741d7b4b81de69b49f2fd,f2e24e18c6ea438db95b349f3d805a8d,cache.set,,1.21,OK,cache-cluster,v1.1.0,2db0cedfb7d64e0c9f62f0ca2c77e38a
live_ep_000000_NONE,NONE,auth-service,36.5,1785908097.7743,81eead10617248d3b47721dc9afc448d,f2e24e18c6ea438db95b349f3d805a8d,http.client.get,,31.82,OK,inventory-api,v1.1.0,2db0cedfb7d64e0c9f62f0ca2c77e38a
live_ep_000000_NONE,NONE,auth-service,37.0,1785908098.2746763,d8e5ef33a1d14c2b9c8e5ceef025e7e5,,PUT /api/inventory,,108.67,OK,auth-service,v1.1.0,2f553688ca884075a4d3c76d1302e6ee
live_ep_000000_NONE,NONE,auth-service,37.0,1785908098.2746763,0dc9aac7b7df4f2d9a167fc50c343484,d8e5ef33a1d14c2b9c8e5ceef025e7e5,db.query.insert,WRITE,25.98,OK,user-db,v1.1.0,2f553688ca884075a4d3c76d1302e6ee
live_ep_000000_NONE,NONE,auth-service,37.0,1785908098.2746763,221c9a95386445738b557e66fc0d7f13,d8e5ef33a1d14c2b9c8e5ceef025e7e5,cache.get,,1.36,OK,cache-cluster,v1.1.0,2f553688ca884075a4d3c76d1302e6ee
live_ep_000000_NONE,NONE,auth-service,37.0,1785908098.2746763,a7ab87c776284f4db84e0e8b69fa35c8,d8e5ef33a1d14c2b9c8e5ceef025e7e5,grpc.call,,29.98,OK,user-db,v1.1.0,2f553688ca884075a4d3c76d1302e6ee
live_ep_000000_NONE,NONE,auth-service,37.5,1785908098.7752595,38f6606283924d5392bffbb692fa3c3f,,GET /api/health,,148.45,OK,auth-service,v1.1.0,ef3682b286ce49c48274ddc147a382a0
live_ep_000000_NONE,NONE,auth-service,37.5,1785908098.7752595,6b2632fb019e45019efca9e78dff1f6b,38f6606283924d5392bffbb692fa3c3f,db.query.select,WRITE,11.89,OK,user-db,v1.1.0,ef3682b286ce49c48274ddc147a382a0
live_ep_000000_NONE,NONE,auth-service,37.5,1785908098.7752595,de65c166f83e4749a7f2d5acac8a3c66,38f6606283924d5392bffbb692fa3c3f,cache.set,,1.6,OK,cache-cluster,v1.1.0,ef3682b286ce49c48274ddc147a382a0
live_ep_000000_NONE,NONE,auth-service,37.5,1785908098.7752595,52f36e619dcc4000a92695c586e0ff4b,38f6606283924d5392bffbb692fa3c3f,http.client.post,,47.31,OK,inventory-api,v1.1.0,ef3682b286ce49c48274ddc147a382a0
live_ep_000000_NONE,NONE,auth-service,38.0,1785908099.2753851,20948ac0b8be4b27835aa03025fe4651,,POST /api/checkout,,115.59,OK,auth-service,v1.1.0,6d92d73a8ba9432f82c48a61e7d8b4e4
live_ep_000000_NONE,NONE,auth-service,38.0,1785908099.2753851,101ce1effcf742eaacf63f35087e6035,20948ac0b8be4b27835aa03025fe4651,db.query.update,WRITE,24.1,OK,user-db,v1.1.0,6d92d73a8ba9432f82c48a61e7d8b4e4
live_ep_000000_NONE,NONE,auth-service,38.0,1785908099.2753851,5a9051ccca2c45279088a2b0a8ef9dd7,20948ac0b8be4b27835aa03025fe4651,grpc.call,,23.19,OK,inventory-api,v1.1.0,6d92d73a8ba9432f82c48a61e7d8b4e4
live_ep_000000_NONE,NONE,auth-service,38.5,1785908099.77553,4be0830a956442f6b0759fa49386c42e,,PUT /api/inventory,,95.78,OK,auth-service,v1.1.0,1ca8324ea5c14c91a8ce0e0841767b8a
live_ep_000000_NONE,NONE,auth-service,38.5,1785908099.77553,001c87ef2456490495efdf8d719bc146,4be0830a956442f6b0759fa49386c42e,db.query.update,READ,45.78,OK,user-db,v1.1.0,1ca8324ea5c14c91a8ce0e0841767b8a
live_ep_000000_NONE,NONE,auth-service,38.5,1785908099.77553,ed9386f7bcd6406ead370a1eda68c6d3,4be0830a956442f6b0759fa49386c42e,cache.delete,,1.4,OK,cache-cluster,v1.1.0,1ca8324ea5c14c91a8ce0e0841767b8a
live_ep_000000_NONE,NONE,auth-service,39.0,1785908100.2758965,662dd17b19a84f56b9e2515c33b84c8c,,GET /api/auth,,90.79,OK,auth-service,v1.1.0,9ae962e495ca4118b234c522e23741fa
live_ep_000000_NONE,NONE,auth-service,39.0,1785908100.2758965,e8b2c11789d74f19a4c6aedcb3a9138a,662dd17b19a84f56b9e2515c33b84c8c,db.query.update,READ,29.93,OK,user-db,v1.1.0,9ae962e495ca4118b234c522e23741fa
live_ep_000000_NONE,NONE,auth-service,39.0,1785908100.2758965,32f202f799e54d0bb81700d6ddaaf517,662dd17b19a84f56b9e2515c33b84c8c,db.transaction,READ,27.9,OK,user-db,v1.1.0,9ae962e495ca4118b234c522e23741fa
live_ep_000000_NONE,NONE,auth-service,39.0,1785908100.2758965,12da0e9a65b540a5a256e5b11144f92f,662dd17b19a84f56b9e2515c33b84c8c,cache.delete,,2.75,OK,cache-cluster,v1.1.0,9ae962e495ca4118b234c522e23741fa
live_ep_000000_NONE,NONE,auth-service,39.0,1785908100.2758965,122fa9be615c4de9a08ed00a1e227611,662dd17b19a84f56b9e2515c33b84c8c,http.client.post,,25.6,OK,user-db,v1.1.0,9ae962e495ca4118b234c522e23741fa
live_ep_000000_NONE,NONE,auth-service,39.5,1785908100.7765176,4dc4f70978ab42a2bc52239aee36b725,,POST /api/payment,,97.72,OK,auth-service,v1.1.0,e388630381744398a1705436fb2f6688
live_ep_000000_NONE,NONE,auth-service,39.5,1785908100.7765176,c4bc019dc7a141d98fb9f0b47a12a248,4dc4f70978ab42a2bc52239aee36b725,db.query.insert,READ,26.56,OK,user-db,v1.1.0,e388630381744398a1705436fb2f6688
live_ep_000000_NONE,NONE,auth-service,39.5,1785908100.7765176,0a11f7c909174665adfd0eb0de951353,4dc4f70978ab42a2bc52239aee36b725,db.query.insert,WRITE,18.61,OK,user-db,v1.1.0,e388630381744398a1705436fb2f6688
live_ep_000000_NONE,NONE,auth-service,39.5,1785908100.7765176,783607b430434f4da64b27f55c2b6523,4dc4f70978ab42a2bc52239aee36b725,cache.set,,3.08,OK,cache-cluster,v1.1.0,e388630381744398a1705436fb2f6688
live_ep_000000_NONE,NONE,auth-service,40.0,1785908101.277003,4dc1e70e56f84492ab5b5275e484bc2d,,GET /api/health,,159.42,OK,auth-service,v1.1.0,a7a340eab15f4d5e8020096879c661fd
live_ep_000000_NONE,NONE,auth-service,40.0,1785908101.277003,521ef450aa4a4c70bacb63e5883b65fd,4dc1e70e56f84492ab5b5275e484bc2d,db.query.insert,READ,11.98,OK,user-db,v1.1.0,a7a340eab15f4d5e8020096879c661fd
live_ep_000000_NONE,NONE,auth-service,40.0,1785908101.277003,171704726caf4c30a4b0addd063a19be,4dc1e70e56f84492ab5b5275e484bc2d,db.query.update,READ,24.52,OK,user-db,v1.1.0,a7a340eab15f4d5e8020096879c661fd
live_ep_000000_NONE,NONE,auth-service,40.0,1785908101.277003,fbf2aff9f386413aa9456b74e2440842,4dc1e70e56f84492ab5b5275e484bc2d,cache.set,,1.45,OK,cache-cluster,v1.1.0,a7a340eab15f4d5e8020096879c661fd
live_ep_000000_NONE,NONE,auth-service,40.0,1785908101.277003,b0bbb5a1aee44200986dadd0a4892246,4dc1e70e56f84492ab5b5275e484bc2d,http.client.post,,25.85,OK,inventory-api,v1.1.0,a7a340eab15f4d5e8020096879c661fd
live_ep_000000_NONE,NONE,auth-service,40.5,1785908101.777213,528ea0aee7c0456eacc9769fc9015fa0,,GET /api/auth,,115.46,OK,auth-service,v1.1.0,774c477f7f934da4a874f4509b4e1996
live_ep_000000_NONE,NONE,auth-service,40.5,1785908101.777213,94a7f23eb4084738af265326403771f9,528ea0aee7c0456eacc9769fc9015fa0,db.transaction,WRITE,15.55,OK,user-db,v1.1.0,774c477f7f934da4a874f4509b4e1996
live_ep_000000_NONE,NONE,auth-service,40.5,1785908101.777213,b63f779769224e0c91dcd1add2003be4,528ea0aee7c0456eacc9769fc9015fa0,db.query.insert,READ,12.0,OK,user-db,v1.1.0,774c477f7f934da4a874f4509b4e1996
live_ep_000000_NONE,NONE,auth-service,40.5,1785908101.777213,2b5d9f6041cf4be6bfbffcb4d1fdf159,528ea0aee7c0456eacc9769fc9015fa0,cache.delete,,3.03,OK,cache-cluster,v1.1.0,774c477f7f934da4a874f4509b4e1996
live_ep_000000_NONE,NONE,auth-service,41.0,1785908102.2776105,2aa8f6c164aa4412be1e10e7b7964d47,,POST /api/checkout,,152.06,OK,auth-service,v1.1.0,8ebe6a19a03243f58cd03e3d52953b47
live_ep_000000_NONE,NONE,auth-service,41.0,1785908102.2776105,e82714262b56430ba542aec91537d437,2aa8f6c164aa4412be1e10e7b7964d47,db.query.delete,WRITE,34.19,ERROR,user-db,v1.1.0,8ebe6a19a03243f58cd03e3d52953b47
live_ep_000000_NONE,NONE,auth-service,41.0,1785908102.2776105,2f99586475724bccbccb8491297a7bca,2aa8f6c164aa4412be1e10e7b7964d47,db.query.update,WRITE,34.77,OK,user-db,v1.1.0,8ebe6a19a03243f58cd03e3d52953b47
live_ep_000000_NONE,NONE,auth-service,41.0,1785908102.2776105,230a3f1a8c674376971f47640af600e5,2aa8f6c164aa4412be1e10e7b7964d47,cache.set,,1.56,OK,cache-cluster,v1.1.0,8ebe6a19a03243f58cd03e3d52953b47
live_ep_000000_NONE,NONE,auth-service,41.5,1785908102.7780933,17e7b46e7d7a4a83aa4a9d4cb7d6a0ff,,GET /api/health,,97.72,OK,auth-service,v1.1.0,9ee382a8ceaf42a48c1fc5d8958fae4c
live_ep_000000_NONE,NONE,auth-service,41.5,1785908102.7780933,f851fc0ee48d45969a32d3b0f32593f5,17e7b46e7d7a4a83aa4a9d4cb7d6a0ff,db.transaction,WRITE,4.03,OK,user-db,v1.1.0,9ee382a8ceaf42a48c1fc5d8958fae4c
live_ep_000000_NONE,NONE,auth-service,41.5,1785908102.7780933,9822251a827d493aa515e5ccf4756f9a,17e7b46e7d7a4a83aa4a9d4cb7d6a0ff,db.query.update,WRITE,4.12,OK,user-db,v1.1.0,9ee382a8ceaf42a48c1fc5d8958fae4c
live_ep_000000_NONE,NONE,auth-service,41.5,1785908102.7780933,ae82e97bc77a478c8992c5c503e52e11,17e7b46e7d7a4a83aa4a9d4cb7d6a0ff,cache.get,,1.57,OK,cache-cluster,v1.1.0,9ee382a8ceaf42a48c1fc5d8958fae4c
live_ep_000000_NONE,NONE,auth-service,41.5,1785908102.7780933,b9769f2d3c7b44a5a1daaf2a012251e9,17e7b46e7d7a4a83aa4a9d4cb7d6a0ff,grpc.call,,22.53,OK,payment-gateway,v1.1.0,9ee382a8ceaf42a48c1fc5d8958fae4c
live_ep_000000_NONE,NONE,auth-service,42.0,1785908103.278522,e11f9f83d7114746b536eeb7f8357b7e,,POST /api/payment,,93.71,OK,auth-service,v1.1.0,a48053b68e234820b74b91801b07fded
live_ep_000000_NONE,NONE,auth-service,42.0,1785908103.278522,a19d2b1980b1424d9caa562f4af89ee3,e11f9f83d7114746b536eeb7f8357b7e,db.query.update,READ,21.43,OK,user-db,v1.1.0,a48053b68e234820b74b91801b07fded
live_ep_000000_NONE,NONE,auth-service,42.0,1785908103.278522,e5f76dafcc2d476fb00b6264b8cabf3e,e11f9f83d7114746b536eeb7f8357b7e,db.query.insert,READ,16.4,OK,user-db,v1.1.0,a48053b68e234820b74b91801b07fded
live_ep_000000_NONE,NONE,auth-service,42.0,1785908103.278522,befc22171183454bbd210e2b4ac305e5,e11f9f83d7114746b536eeb7f8357b7e,cache.set,,0.85,OK,cache-cluster,v1.1.0,a48053b68e234820b74b91801b07fded
live_ep_000000_NONE,NONE,auth-service,42.0,1785908103.278522,327ddca807b749c2b2c19175cd58bb87,e11f9f83d7114746b536eeb7f8357b7e,http.client.get,,14.54,OK,user-db,v1.1.0,a48053b68e234820b74b91801b07fded
live_ep_000000_NONE,NONE,auth-service,42.5,1785908103.7789586,095abb91088a42ddb4183925394e3e8c,,POST /api/checkout,,106.44,OK,auth-service,v1.1.0,e44a145661814966acb1479c4f70ad33
live_ep_000000_NONE,NONE,auth-service,42.5,1785908103.7789586,aa785383da0e4ef4b14b755a30303801,095abb91088a42ddb4183925394e3e8c,db.query.insert,WRITE,34.54,OK,user-db,v1.1.0,e44a145661814966acb1479c4f70ad33
live_ep_000000_NONE,NONE,auth-service,42.5,1785908103.7789586,3c9eb08ce75343aaa604401f667ac55c,095abb91088a42ddb4183925394e3e8c,db.query.select,WRITE,32.3,OK,user-db,v1.1.0,e44a145661814966acb1479c4f70ad33
live_ep_000000_NONE,NONE,auth-service,43.0,1785908104.279485,a93160991d194808a47d2da61bcb9350,,GET /api/order,,115.26,OK,auth-service,v1.1.0,0dd2bf4345784d0b8aa2f10b04a552ae
live_ep_000000_NONE,NONE,auth-service,43.0,1785908104.279485,507bbc7d5eb243078a3d467f851c9697,a93160991d194808a47d2da61bcb9350,db.query.select,READ,15.25,OK,user-db,v1.1.0,0dd2bf4345784d0b8aa2f10b04a552ae
live_ep_000000_NONE,NONE,auth-service,43.0,1785908104.279485,905a2ab75cfc4a1fa92fa317b5d0f907,a93160991d194808a47d2da61bcb9350,db.transaction,READ,13.73,OK,user-db,v1.1.0,0dd2bf4345784d0b8aa2f10b04a552ae
live_ep_000000_NONE,NONE,auth-service,43.0,1785908104.279485,1ca05cac68ea4291b4bda0b78961f9bf,a93160991d194808a47d2da61bcb9350,cache.get,,1.21,OK,cache-cluster,v1.1.0,0dd2bf4345784d0b8aa2f10b04a552ae
live_ep_000000_NONE,NONE,auth-service,43.0,1785908104.279485,b7cad1e25f9a4434b506b8a1dc69094b,a93160991d194808a47d2da61bcb9350,grpc.call,,26.42,OK,user-db,v1.1.0,0dd2bf4345784d0b8aa2f10b04a552ae
live_ep_000000_NONE,NONE,auth-service,43.5,1785908104.780072,966071f7f01640ba867a2b6f06f6edaa,,GET /api/auth,,134.73,OK,auth-service,v1.1.0,afa17fcba38f4d11ba856df2d947c924
live_ep_000000_NONE,NONE,auth-service,43.5,1785908104.780072,81613c1e0d5b4bbdbdc3ae553cb31189,966071f7f01640ba867a2b6f06f6edaa,db.query.insert,WRITE,36.51,OK,user-db,v1.1.0,afa17fcba38f4d11ba856df2d947c924
live_ep_000000_NONE,NONE,auth-service,43.5,1785908104.780072,e412e3e6a36d44b484cb15c1e9701c10,966071f7f01640ba867a2b6f06f6edaa,cache.get,,3.33,OK,cache-cluster,v1.1.0,afa17fcba38f4d11ba856df2d947c924
live_ep_000000_NONE,NONE,auth-service,44.0,1785908105.2806008,e20a7a5176df41f5a827dc7c52c27ca4,,GET /api/auth,,112.3,OK,auth-service,v1.1.0,6423a7d3c7f349f4a9f3962de118b5eb
live_ep_000000_NONE,NONE,auth-service,44.0,1785908105.2806008,b3164668b5f04eb29d5614812a0a3d3f,e20a7a5176df41f5a827dc7c52c27ca4,db.query.insert,READ,14.32,OK,user-db,v1.1.0,6423a7d3c7f349f4a9f3962de118b5eb
live_ep_000000_NONE,NONE,auth-service,44.0,1785908105.2806008,fa149dce41974acba98a8aeef04f3e27,e20a7a5176df41f5a827dc7c52c27ca4,db.query.insert,WRITE,26.21,OK,user-db,v1.1.0,6423a7d3c7f349f4a9f3962de118b5eb
live_ep_000000_NONE,NONE,auth-service,44.0,1785908105.2806008,3d0a5b4d58344718bd084dce74ebc1a9,e20a7a5176df41f5a827dc7c52c27ca4,cache.set,,0.55,OK,cache-cluster,v1.1.0,6423a7d3c7f349f4a9f3962de118b5eb
live_ep_000000_NONE,NONE,auth-service,44.5,1785908105.7808695,140c3a16ea4c4617b6c47c6977c2c534,,GET /api/auth,,138.82,OK,auth-service,v1.1.0,35f7ed94c5ae4e6bb9f95f532db5d356
live_ep_000000_NONE,NONE,auth-service,44.5,1785908105.7808695,147f8becd7c541e9897954b057966f98,140c3a16ea4c4617b6c47c6977c2c534,db.transaction,WRITE,16.46,OK,user-db,v1.1.0,35f7ed94c5ae4e6bb9f95f532db5d356
live_ep_000000_NONE,NONE,auth-service,44.5,1785908105.7808695,a3c77862bc024eb4b3b935ac48af3941,140c3a16ea4c4617b6c47c6977c2c534,db.query.select,READ,25.22,OK,user-db,v1.1.0,35f7ed94c5ae4e6bb9f95f532db5d356
live_ep_000000_NONE,NONE,auth-service,44.5,1785908105.7808695,29a33cd0133b459b89d676357fa05d96,140c3a16ea4c4617b6c47c6977c2c534,http.client.post,,22.48,OK,payment-gateway,v1.1.0,35f7ed94c5ae4e6bb9f95f532db5d356
live_ep_000000_NONE,NONE,auth-service,45.0,1785908106.2817526,6d2983777e1547db93ee6cc6c41018ee,,POST /api/checkout,,146.95,OK,auth-service,v1.1.0,84755fca779941ce9ef4798c0a5e5613
live_ep_000000_NONE,NONE,auth-service,45.0,1785908106.2817526,b71b87a45f6e49f7a1d83596b6e35c08,6d2983777e1547db93ee6cc6c41018ee,db.transaction,WRITE,15.44,OK,user-db,v1.1.0,84755fca779941ce9ef4798c0a5e5613
live_ep_000000_NONE,NONE,auth-service,45.0,1785908106.2817526,392f164b185d4418b5923eefbbdc75c0,6d2983777e1547db93ee6cc6c41018ee,cache.delete,,0.5,OK,cache-cluster,v1.1.0,84755fca779941ce9ef4798c0a5e5613
live_ep_000000_NONE,NONE,auth-service,45.0,1785908106.2817526,27f5475c588d425b91c8ef51bc934e8f,6d2983777e1547db93ee6cc6c41018ee,http.client.get,,26.44,OK,cache-cluster,v1.1.0,84755fca779941ce9ef4798c0a5e5613
live_ep_000000_NONE,NONE,auth-service,45.5,1785908106.7819633,68e9e99056624d4dbc465916caf73967,,GET /api/order,,118.95,OK,auth-service,v1.1.0,74d7a4c5c5fa4064b6696db61c7b6833
live_ep_000000_NONE,NONE,auth-service,45.5,1785908106.7819633,405620db8f1c48feb4ec743acde17105,68e9e99056624d4dbc465916caf73967,db.query.insert,READ,7.15,OK,user-db,v1.1.0,74d7a4c5c5fa4064b6696db61c7b6833
live_ep_000000_NONE,NONE,auth-service,45.5,1785908106.7819633,f06e31aa27c44fb2a31a5a9abb56e85b,68e9e99056624d4dbc465916caf73967,db.transaction,READ,13.12,OK,user-db,v1.1.0,74d7a4c5c5fa4064b6696db61c7b6833
live_ep_000000_NONE,NONE,auth-service,45.5,1785908106.7819633,a086c9a1ec9d42789346d3583d8bd055,68e9e99056624d4dbc465916caf73967,cache.get,,2.53,OK,cache-cluster,v1.1.0,74d7a4c5c5fa4064b6696db61c7b6833
live_ep_000000_NONE,NONE,auth-service,46.0,1785908107.2824936,a8085818aff54137ac57d2b60eb3df9b,,PUT /api/inventory,,115.02,OK,auth-service,v1.1.0,192ff0b235a1450baa9dcb13d039e031
live_ep_000000_NONE,NONE,auth-service,46.0,1785908107.2824936,a83847ec4dff4c48b6fef8a5a21716c2,a8085818aff54137ac57d2b60eb3df9b,db.query.select,READ,16.32,OK,user-db,v1.1.0,192ff0b235a1450baa9dcb13d039e031
live_ep_000000_NONE,NONE,auth-service,46.0,1785908107.2824936,5daac8bf1fc74024885ada957ab52f1a,a8085818aff54137ac57d2b60eb3df9b,db.transaction,READ,5.23,OK,user-db,v1.1.0,192ff0b235a1450baa9dcb13d039e031
live_ep_000000_NONE,NONE,auth-service,46.0,1785908107.2824936,181cec8bc45b49fea74757164e066d7c,a8085818aff54137ac57d2b60eb3df9b,grpc.call,,24.12,OK,inventory-api,v1.1.0,192ff0b235a1450baa9dcb13d039e031
live_ep_000000_NONE,NONE,auth-service,46.5,1785908107.7830155,da3084021dc745b5bbf0eb52a7f2e2ed,,POST /api/checkout,,139.85,OK,auth-service,v1.1.0,2502accafa0e4d409dfc9b47896fba90
live_ep_000000_NONE,NONE,auth-service,46.5,1785908107.7830155,6fc587b570474b2f9dfd18852f1e4b49,da3084021dc745b5bbf0eb52a7f2e2ed,db.transaction,READ,33.62,OK,user-db,v1.1.0,2502accafa0e4d409dfc9b47896fba90
live_ep_000000_NONE,NONE,auth-service,47.0,1785908108.2832146,dabb0dd925794d268876f89d15023625,,POST /api/checkout,,125.33,OK,auth-service,v1.1.0,f7516477400e4324bf3e1a213a214ba9
live_ep_000000_NONE,NONE,auth-service,47.0,1785908108.2832146,dbeefb2e16804b468e99cfb81452fb44,dabb0dd925794d268876f89d15023625,db.query.delete,READ,17.95,OK,user-db,v1.1.0,f7516477400e4324bf3e1a213a214ba9
live_ep_000000_NONE,NONE,auth-service,47.0,1785908108.2832146,d3dfbdfcdc4c458fa5825f2331765291,dabb0dd925794d268876f89d15023625,http.client.get,,25.94,OK,cache-cluster,v1.1.0,f7516477400e4324bf3e1a213a214ba9
live_ep_000000_NONE,NONE,auth-service,47.5,1785908108.7833683,aa2291688e9842b3a16883d2ee224f91,,GET /api/health,,102.4,OK,auth-service,v1.1.0,19c66d4c1ad0478196a9676f3c77ab87
live_ep_000000_NONE,NONE,auth-service,47.5,1785908108.7833683,e11c455163074d3b8f04420bb7f3e9df,aa2291688e9842b3a16883d2ee224f91,db.query.select,READ,21.25,OK,user-db,v1.1.0,19c66d4c1ad0478196a9676f3c77ab87
live_ep_000000_NONE,NONE,auth-service,48.0,1785908109.2837312,1d0bba90fbe44f6582e1bb39cfcca5d8,,GET /api/health,,140.55,OK,auth-service,v1.1.0,f0a50c313d9f48fa8c9afde356f2556c
live_ep_000000_NONE,NONE,auth-service,48.0,1785908109.2837312,9b6b29d0390d477794ac529285f8db9b,1d0bba90fbe44f6582e1bb39cfcca5d8,db.transaction,READ,29.42,OK,user-db,v1.1.0,f0a50c313d9f48fa8c9afde356f2556c
live_ep_000000_NONE,NONE,auth-service,48.0,1785908109.2837312,71f48d283d0640389d5a08a1c7217eda,1d0bba90fbe44f6582e1bb39cfcca5d8,cache.delete,,1.14,OK,cache-cluster,v1.1.0,f0a50c313d9f48fa8c9afde356f2556c
live_ep_000000_NONE,NONE,auth-service,48.5,1785908109.7844193,33ad3d08bd4941f5917ab4253c3a46ae,,PUT /api/inventory,,161.85,OK,auth-service,v1.1.0,5badd354609948a4aaf61b705110cf6d
live_ep_000000_NONE,NONE,auth-service,48.5,1785908109.7844193,a56387e173a14b2d92c9920205ca5672,33ad3d08bd4941f5917ab4253c3a46ae,db.transaction,WRITE,22.62,OK,user-db,v1.1.0,5badd354609948a4aaf61b705110cf6d
live_ep_000000_NONE,NONE,auth-service,48.5,1785908109.7844193,d6c0f84e7602487ba2f74060db390e19,33ad3d08bd4941f5917ab4253c3a46ae,cache.get,,3.77,OK,cache-cluster,v1.1.0,5badd354609948a4aaf61b705110cf6d
live_ep_000000_NONE,NONE,auth-service,49.0,1785908110.284923,8cd183ec20e044efa6eb5e65b80f0d81,,POST /api/payment,,109.74,OK,auth-service,v1.1.0,ab18b574b85d4b69abdcc819e90c83b1
live_ep_000000_NONE,NONE,auth-service,49.0,1785908110.284923,69516fcfc35940088b17b6918f0e17ab,8cd183ec20e044efa6eb5e65b80f0d81,db.query.delete,WRITE,17.36,OK,user-db,v1.1.0,ab18b574b85d4b69abdcc819e90c83b1
live_ep_000000_NONE,NONE,auth-service,49.0,1785908110.284923,1ae3b629e4ca4ca2ba65a4a0c7c52cb8,8cd183ec20e044efa6eb5e65b80f0d81,db.query.delete,READ,22.45,OK,user-db,v1.1.0,ab18b574b85d4b69abdcc819e90c83b1
live_ep_000000_NONE,NONE,auth-service,49.5,1785908110.7851822,ffa6cfb6fe0347e59d1bf6564faefe05,,GET /api/health,,147.24,OK,auth-service,v1.1.0,3cd4d726bdc54f938939791bcfca00f4
live_ep_000000_NONE,NONE,auth-service,49.5,1785908110.7851822,33615236fc964f8ead77eb8d2d1d259b,ffa6cfb6fe0347e59d1bf6564faefe05,db.query.insert,WRITE,19.54,OK,user-db,v1.1.0,3cd4d726bdc54f938939791bcfca00f4
live_ep_000000_NONE,NONE,auth-service,49.5,1785908110.7851822,031a96592efb44baa3bc064c6ecd2cad,ffa6cfb6fe0347e59d1bf6564faefe05,db.query.update,READ,28.72,OK,user-db,v1.1.0,3cd4d726bdc54f938939791bcfca00f4
live_ep_000000_NONE,NONE,auth-service,49.5,1785908110.7851822,2bdfaf82e0b94853823b7040fb20ad44,ffa6cfb6fe0347e59d1bf6564faefe05,cache.delete,,3.58,OK,cache-cluster,v1.1.0,3cd4d726bdc54f938939791bcfca00f4
live_ep_000000_NONE,NONE,auth-service,49.5,1785908110.7851822,7af9d2ed1a09447cbd088e8a40910014,ffa6cfb6fe0347e59d1bf6564faefe05,grpc.call,,23.73,OK,user-db,v1.1.0,3cd4d726bdc54f938939791bcfca00f4
live_ep_000000_NONE,NONE,auth-service,50.0,1785908111.285575,f8aebcb3cba646c8a5e846ca8bf7fca9,,PUT /api/inventory,,95.23,OK,auth-service,v1.1.0,757a708b22274f9ea2195c73e7e97169
live_ep_000000_NONE,NONE,auth-service,50.0,1785908111.285575,8888cd4e87a048a89dacdf82987b5588,f8aebcb3cba646c8a5e846ca8bf7fca9,db.query.update,READ,15.15,OK,user-db,v1.1.0,757a708b22274f9ea2195c73e7e97169
live_ep_000000_NONE,NONE,auth-service,50.0,1785908111.285575,e1cb380c0d5f449d985799196e2d687c,f8aebcb3cba646c8a5e846ca8bf7fca9,db.query.delete,WRITE,17.61,OK,user-db,v1.1.0,757a708b22274f9ea2195c73e7e97169
live_ep_000000_NONE,NONE,auth-service,50.0,1785908111.285575,558f627191864833a8fd1b49a401d5a2,f8aebcb3cba646c8a5e846ca8bf7fca9,cache.set,,1.11,OK,cache-cluster,v1.1.0,757a708b22274f9ea2195c73e7e97169
live_ep_000000_NONE,NONE,auth-service,50.5,1785908111.785701,c7a15db6c59245e69647d912ea4c51f9,,GET /api/order,,92.89,OK,auth-service,v1.1.0,9a8d8aa6fb2a4db98586ae6e9a7a6ecc
live_ep_000000_NONE,NONE,auth-service,50.5,1785908111.785701,d18e9e3ee20847f8aff1963707ce8b03,c7a15db6c59245e69647d912ea4c51f9,db.query.delete,READ,1.8,OK,user-db,v1.1.0,9a8d8aa6fb2a4db98586ae6e9a7a6ecc
live_ep_000000_NONE,NONE,auth-service,50.5,1785908111.785701,b9b8c98e218e48fcad5fe81fc67fc285,c7a15db6c59245e69647d912ea4c51f9,cache.delete,,2.0,OK,cache-cluster,v1.1.0,9a8d8aa6fb2a4db98586ae6e9a7a6ecc
live_ep_000000_NONE,NONE,auth-service,50.5,1785908111.785701,fefcb20f49cd4603b82a1d5acdb18d81,c7a15db6c59245e69647d912ea4c51f9,http.client.post,,36.51,OK,payment-gateway,v1.1.0,9a8d8aa6fb2a4db98586ae6e9a7a6ecc
live_ep_000000_NONE,NONE,auth-service,51.0,1785908112.2858684,ac3965629ab6431c9c9d46d0cbacf5cd,,GET /api/health,,110.0,OK,auth-service,v1.1.0,a6724e6cd431412db1c439fc3cad0d9c
live_ep_000000_NONE,NONE,auth-service,51.0,1785908112.2858684,99bc1bee0bd64357ac80cd424869d66a,ac3965629ab6431c9c9d46d0cbacf5cd,db.query.update,READ,22.19,OK,user-db,v1.1.0,a6724e6cd431412db1c439fc3cad0d9c
live_ep_000000_NONE,NONE,auth-service,51.0,1785908112.2858684,2caea68afed34ea68ebb63fe09af2afe,ac3965629ab6431c9c9d46d0cbacf5cd,cache.delete,,1.36,OK,cache-cluster,v1.1.0,a6724e6cd431412db1c439fc3cad0d9c
live_ep_000000_NONE,NONE,auth-service,51.5,1785908112.7862134,a359d33c0beb4c328cccd55ce41fb676,,GET /api/health,,115.32,OK,auth-service,v1.1.0,69a72356de5d4996a8de01edfdfe6a4a
live_ep_000000_NONE,NONE,auth-service,51.5,1785908112.7862134,94300433aa584a1c9c2aca8e790b7e7b,a359d33c0beb4c328cccd55ce41fb676,db.query.select,READ,20.74,OK,user-db,v1.1.0,69a72356de5d4996a8de01edfdfe6a4a
live_ep_000000_NONE,NONE,auth-service,51.5,1785908112.7862134,b29b0666433e4ce4abe07f3872967833,a359d33c0beb4c328cccd55ce41fb676,cache.delete,,0.5,OK,cache-cluster,v1.1.0,69a72356de5d4996a8de01edfdfe6a4a
live_ep_000000_NONE,NONE,auth-service,52.0,1785908113.2867382,345d2becfa744f97b0a59a86ab78aeba,,POST /api/payment,,127.32,OK,auth-service,v1.1.0,bfaa50df64944c2abda1388b2d03003d
live_ep_000000_NONE,NONE,auth-service,52.0,1785908113.2867382,5dc092f74c574ecbacc9576859978dc2,345d2becfa744f97b0a59a86ab78aeba,db.query.insert,READ,14.63,OK,user-db,v1.1.0,bfaa50df64944c2abda1388b2d03003d
live_ep_000000_NONE,NONE,auth-service,52.0,1785908113.2867382,b746a903c8974cae919f006aa05dfd0d,345d2becfa744f97b0a59a86ab78aeba,db.query.delete,WRITE,4.63,OK,user-db,v1.1.0,bfaa50df64944c2abda1388b2d03003d
live_ep_000000_NONE,NONE,auth-service,52.0,1785908113.2867382,1c074ea91c1d4063a97408e923b8c6db,345d2becfa744f97b0a59a86ab78aeba,cache.set,,2.4,OK,cache-cluster,v1.1.0,bfaa50df64944c2abda1388b2d03003d
live_ep_000000_NONE,NONE,auth-service,52.0,1785908113.2867382,dfd07edf78d94c90aef45a8e24135a10,345d2becfa744f97b0a59a86ab78aeba,http.client.get,,22.85,ERROR,payment-gateway,v1.1.0,bfaa50df64944c2abda1388b2d03003d
live_ep_000000_NONE,NONE,auth-service,52.5,1785908113.7869987,0b471ad8cbe449849b21f45000394dc9,,GET /api/auth,,140.39,OK,auth-service,v1.1.0,0ad53fa02fb7445ab16d0a25258ecad0
live_ep_000000_NONE,NONE,auth-service,52.5,1785908113.7869987,f3a484654c624c1980c940a4f01063cc,0b471ad8cbe449849b21f45000394dc9,db.transaction,WRITE,24.7,OK,user-db,v1.1.0,0ad53fa02fb7445ab16d0a25258ecad0
live_ep_000000_NONE,NONE,auth-service,52.5,1785908113.7869987,15d81d2b3cfa4de2ae97a5ca4f383552,0b471ad8cbe449849b21f45000394dc9,db.query.update,READ,32.38,OK,user-db,v1.1.0,0ad53fa02fb7445ab16d0a25258ecad0
live_ep_000000_NONE,NONE,auth-service,52.5,1785908113.7869987,1f1955742de4481e9c2bfbe38d40d89f,0b471ad8cbe449849b21f45000394dc9,cache.delete,,4.23,OK,cache-cluster,v1.1.0,0ad53fa02fb7445ab16d0a25258ecad0
live_ep_000000_NONE,NONE,auth-service,52.5,1785908113.7869987,d238c9ce7bc64e2384b40d9e9aced1ac,0b471ad8cbe449849b21f45000394dc9,http.client.get,,30.66,OK,payment-gateway,v1.1.0,0ad53fa02fb7445ab16d0a25258ecad0
live_ep_000000_NONE,NONE,auth-service,53.0,1785908114.287363,7bc94c25e99c4cc48c00ed72548ac66e,,GET /api/order,,98.11,OK,auth-service,v1.1.0,494e9fc90b574dc49a4d1d3bbc3943d7
live_ep_000000_NONE,NONE,auth-service,53.0,1785908114.287363,06504ad7e268446aaff599d9a7aefdf2,7bc94c25e99c4cc48c00ed72548ac66e,db.query.select,READ,25.53,OK,user-db,v1.1.0,494e9fc90b574dc49a4d1d3bbc3943d7
live_ep_000000_NONE,NONE,auth-service,53.5,1785908114.7880473,58ef6b5d838d47339af18634c99d169e,,POST /api/checkout,,108.78,OK,auth-service,v1.1.0,17f292d322aa4ab69be37d9303245960
live_ep_000000_NONE,NONE,auth-service,53.5,1785908114.7880473,a3f5f939ae854b51bf85141d0a971463,58ef6b5d838d47339af18634c99d169e,db.query.insert,READ,21.25,OK,user-db,v1.1.0,17f292d322aa4ab69be37d9303245960
live_ep_000000_NONE,NONE,auth-service,53.5,1785908114.7880473,c8d10e28a76f4fb8ab20af9d1e5f5188,58ef6b5d838d47339af18634c99d169e,db.query.insert,READ,18.3,OK,user-db,v1.1.0,17f292d322aa4ab69be37d9303245960
live_ep_000000_NONE,NONE,auth-service,53.5,1785908114.7880473,80f2096dca1a42a9b495d174994a566d,58ef6b5d838d47339af18634c99d169e,cache.delete,,0.5,OK,cache-cluster,v1.1.0,17f292d322aa4ab69be37d9303245960
live_ep_000000_NONE,NONE,auth-service,54.0,1785908115.2886183,7fc4e49d901d4eceb0ddd1ae99569b31,,PUT /api/inventory,,141.28,OK,auth-service,v1.1.0,9d69a7fdf4884eb2bcf297a426c69be9
live_ep_000000_NONE,NONE,auth-service,54.0,1785908115.2886183,a2d3845cc8684ee88c730e0d8a91bb85,7fc4e49d901d4eceb0ddd1ae99569b31,db.query.insert,WRITE,24.9,OK,user-db,v1.1.0,9d69a7fdf4884eb2bcf297a426c69be9
live_ep_000000_NONE,NONE,auth-service,54.0,1785908115.2886183,45a31804ef50476988525fe854f46e97,7fc4e49d901d4eceb0ddd1ae99569b31,db.query.select,READ,27.49,OK,user-db,v1.1.0,9d69a7fdf4884eb2bcf297a426c69be9
live_ep_000000_NONE,NONE,auth-service,54.0,1785908115.2886183,a695ecf0ac8d4479b77f77e321c0b5c7,7fc4e49d901d4eceb0ddd1ae99569b31,grpc.call,,28.95,OK,cache-cluster,v1.1.0,9d69a7fdf4884eb2bcf297a426c69be9
live_ep_000000_NONE,NONE,auth-service,54.5,1785908115.7894852,26758030b75b49d1a74b849121c2bdd0,,GET /api/health,,116.81,OK,auth-service,v1.1.0,ddbf1526180a4846b53879f8813fc0b8
live_ep_000000_NONE,NONE,auth-service,54.5,1785908115.7894852,32299485a5154cfea88b3758e50a8e1b,26758030b75b49d1a74b849121c2bdd0,db.query.select,WRITE,21.43,OK,user-db,v1.1.0,ddbf1526180a4846b53879f8813fc0b8
live_ep_000000_NONE,NONE,auth-service,55.0,1785908116.2900615,47773a4aba4a4d69a25b18cef67a97db,,POST /api/checkout,,126.23,OK,auth-service,v1.1.0,d7a1d7927a51431ba09af7b766814f30
live_ep_000000_NONE,NONE,auth-service,55.0,1785908116.2900615,78509898b6da4042b2097f1e74505a57,47773a4aba4a4d69a25b18cef67a97db,db.query.select,READ,11.33,OK,user-db,v1.1.0,d7a1d7927a51431ba09af7b766814f30
live_ep_000000_NONE,NONE,auth-service,55.0,1785908116.2900615,4c75f37ffb334de5a3ddb4375ae6b238,47773a4aba4a4d69a25b18cef67a97db,db.transaction,WRITE,23.99,OK,user-db,v1.1.0,d7a1d7927a51431ba09af7b766814f30
live_ep_000000_NONE,NONE,auth-service,55.0,1785908116.2900615,c66f95dd483e490685eb6c19f451af3c,47773a4aba4a4d69a25b18cef67a97db,http.client.get,,35.71,OK,user-db,v1.1.0,d7a1d7927a51431ba09af7b766814f30
live_ep_000000_NONE,NONE,auth-service,55.5,1785908116.7903042,b7f5aae8ca584fb0b15a08989977cf91,,PUT /api/inventory,,120.43,OK,auth-service,v1.1.0,88bf60e2760d45f3ba99c9e53c5fb6c2
live_ep_000000_NONE,NONE,auth-service,55.5,1785908116.7903042,f16263ab4f1d4993a412b42b96c620de,b7f5aae8ca584fb0b15a08989977cf91,db.query.update,READ,29.4,OK,user-db,v1.1.0,88bf60e2760d45f3ba99c9e53c5fb6c2
live_ep_000000_NONE,NONE,auth-service,55.5,1785908116.7903042,6e2b95cec5be438db85a4bedad0a24a3,b7f5aae8ca584fb0b15a08989977cf91,cache.set,,0.5,OK,cache-cluster,v1.1.0,88bf60e2760d45f3ba99c9e53c5fb6c2
live_ep_000000_NONE,NONE,auth-service,56.0,1785908117.2909667,51f730b57de940619bd2745365fd01db,,GET /api/health,,88.67,OK,auth-service,v1.1.0,38855ee9f2b1442493e9c4ad6d26bc5f
live_ep_000000_NONE,NONE,auth-service,56.0,1785908117.2909667,c7c5da77c2914dc78eb28abf3fe21e5b,51f730b57de940619bd2745365fd01db,db.transaction,READ,11.97,OK,user-db,v1.1.0,38855ee9f2b1442493e9c4ad6d26bc5f
live_ep_000000_NONE,NONE,auth-service,56.0,1785908117.2909667,5f3bda70e23542f79fff792d8615f04f,51f730b57de940619bd2745365fd01db,cache.set,,2.09,OK,cache-cluster,v1.1.0,38855ee9f2b1442493e9c4ad6d26bc5f
live_ep_000000_NONE,NONE,auth-service,56.0,1785908117.2909667,626cd49c9cdb45ea94e93af74766b74a,51f730b57de940619bd2745365fd01db,grpc.call,,36.83,OK,inventory-api,v1.1.0,38855ee9f2b1442493e9c4ad6d26bc5f
live_ep_000000_NONE,NONE,auth-service,56.5,1785908117.7913444,021f94c935b24c69bbbb74a422fd9fe4,,GET /api/order,,111.57,OK,auth-service,v1.1.0,128d03e8ac3b4fb8ab7adc3d10c40bbb
live_ep_000000_NONE,NONE,auth-service,56.5,1785908117.7913444,d1c06103908d43d5945c17f7091a4c82,021f94c935b24c69bbbb74a422fd9fe4,db.query.select,READ,30.25,OK,user-db,v1.1.0,128d03e8ac3b4fb8ab7adc3d10c40bbb
live_ep_000000_NONE,NONE,auth-service,56.5,1785908117.7913444,db4beca61cfc4198ad60b17541ebf4b3,021f94c935b24c69bbbb74a422fd9fe4,db.transaction,WRITE,11.18,OK,user-db,v1.1.0,128d03e8ac3b4fb8ab7adc3d10c40bbb
live_ep_000000_NONE,NONE,auth-service,56.5,1785908117.7913444,2ad1015ecc96470a9454d4203b5b6974,021f94c935b24c69bbbb74a422fd9fe4,cache.delete,,3.72,OK,cache-cluster,v1.1.0,128d03e8ac3b4fb8ab7adc3d10c40bbb
live_ep_000000_NONE,NONE,auth-service,57.0,1785908118.2917826,94238a4d46ca4073a2d173dbf7b98fe1,,GET /api/health,,108.02,OK,auth-service,v1.1.0,872bfb67b03d48ec9dd5ad7e4c15341d
live_ep_000000_NONE,NONE,auth-service,57.0,1785908118.2917826,884ee432d8b14bfd9090f2cc419f2ab9,94238a4d46ca4073a2d173dbf7b98fe1,db.query.delete,READ,33.55,OK,user-db,v1.1.0,872bfb67b03d48ec9dd5ad7e4c15341d
live_ep_000000_NONE,NONE,auth-service,57.0,1785908118.2917826,c10651a164874068b5267cf9cd7d7c11,94238a4d46ca4073a2d173dbf7b98fe1,db.query.delete,READ,21.66,OK,user-db,v1.1.0,872bfb67b03d48ec9dd5ad7e4c15341d
live_ep_000000_NONE,NONE,auth-service,57.0,1785908118.2917826,e3b8baf65bf8494797d6614fc674aba8,94238a4d46ca4073a2d173dbf7b98fe1,cache.get,,2.84,OK,cache-cluster,v1.1.0,872bfb67b03d48ec9dd5ad7e4c15341d
live_ep_000000_NONE,NONE,auth-service,57.0,1785908118.2917826,51d907401cb84a94a05113ace9fe6546,94238a4d46ca4073a2d173dbf7b98fe1,grpc.call,,24.26,OK,cache-cluster,v1.1.0,872bfb67b03d48ec9dd5ad7e4c15341d
live_ep_000000_NONE,NONE,auth-service,57.5,1785908118.7922826,a04c9407206547629224e8745e002461,,GET /api/auth,,129.35,OK,auth-service,v1.1.0,4fb57bcf854e4d9cb096f8d3ca263aef
live_ep_000000_NONE,NONE,auth-service,57.5,1785908118.7922826,d008330caf6540d692aba9bfbba726b8,a04c9407206547629224e8745e002461,db.query.select,WRITE,26.58,OK,user-db,v1.1.0,4fb57bcf854e4d9cb096f8d3ca263aef
live_ep_000000_NONE,NONE,auth-service,57.5,1785908118.7922826,e5546d911b9d4900b075148ea3749201,a04c9407206547629224e8745e002461,db.transaction,READ,12.7,OK,user-db,v1.1.0,4fb57bcf854e4d9cb096f8d3ca263aef
live_ep_000000_NONE,NONE,auth-service,57.5,1785908118.7922826,cf8a591533ca488daf5d6003ee4f0629,a04c9407206547629224e8745e002461,cache.get,,0.73,OK,cache-cluster,v1.1.0,4fb57bcf854e4d9cb096f8d3ca263aef
